name,smiles
17-alpha-methyltestosterone,CC12CCC(=O)C=C1CCC1C2CCC2(C)C1CCC2(C)O
2-hydroxyethyl-salicylate,O=C(OCCO)c1ccccc1O
3-(4-methylbenzylidene)camphor,Cc1ccc(C=C2C(=O)C3(C)CCC2C3(C)C)cc1
3-bromocamphor,CC12CCC(C(Br)C1=O)C2(C)C
5-hydroxytryptophan,NC(Cc1c[nH]c2ccc(O)cc12)C(=O)O
7-keto-DHEA,CC(=O)OC1CCC2(C)C(=CC(=O)C3C4CCC(=O)C4(C)CCC32)C1
abacavir,Nc1nc(NC2CC2)c2ncn(C3C=CC(CO)C3)c2n1
abamectin,CCC(C)C1OC2(C=CC1C)CC1CC(CC=C(C)C(OC3CC(OC)C(OC4CC(OC)C(O)C(C)O4)C(C)O3)C(C)C=CC=C3COC4C(O)C(C)=CC(C(=O)O1)C34O)O2
abemaciclib,CCN1CCN(Cc2ccc(Nc3ncc(F)c(-c4cc(F)c5nc(C)n(C(C)C)c5c4)n3)nc2)CC1
abiraterone,CC12CCC(O)CC1=CCC1C2CCC2(C)C(c3cccnc3)=CCC12
abiraterone-acetate,CC(=O)OC1CCC2(C)C(=CCC3C2CCC2(C)C(c4cccnc4)=CCC32)C1
acamprosate,CC(=O)NCCCS(=O)(=O)O
aceclofenac,O=C(O)COC(=O)Cc1ccccc1Nc1c(Cl)cccc1Cl
acefylline,Cn1c(=O)c2c(ncn2CC(=O)O)n(C)c1=O
aceglutamide,CC(=O)NC(CCC(N)=O)C(=O)O
acenocoumarol,CC(=O)CC(c1ccc([N+](=O)[O-])cc1)c1c(O)c2ccccc2oc1=O
acetophenazine,CC(=O)c1ccc2c(c1)N(CCCN1CCN(CCO)CC1)c1ccccc1S2
acetyl-farnesyl-cysteine,CC(=O)NC(CSCC=C(C)CCC=C(C)CCC=C(C)C)C(=O)O
acipimox,Cc1cnc(C(=O)O)c[n+]1[O-]
acitazanolast,O=C(O)C(=O)Nc1cccc(-c2nnn[nH]2)c1
acitretin,COc1cc(C)c(C=CC(C)=CC=CC(C)=CC(=O)O)c(C)c1C
aclarubicin,CCC1(O)CC(OC2CC(N(C)C)C(OC3CC(O)C(OC4CCC(=O)C(C)O4)C(C)O3)C(C)O2)c2c(cc3c(c2O)C(=O)c2c(O)cccc2C3=O)C1C(=O)OC
aclidinium,O=C(OC1C[N+]2(CCCOc3ccccc3)CCC1CC2)C(O)(c1cccs1)c1cccs1
acriflavinium,C[n+]1c2cc(N)ccc2cc2ccc(N)cc21
acrivastine,Cc1ccc(C(=CCN2CCCC2)c2cccc(C=CC(=O)O)n2)cc1
ACT-132577,NS(=O)(=O)Nc1ncnc(OCCOc2ncc(Br)cn2)c1-c1ccc(Br)cc1
actarit,CC(=O)Nc1ccc(CC(=O)O)cc1
adapalene,COc1ccc(-c2ccc3cc(C(=O)O)ccc3c2)cc1C12CC3CC(CC(C3)C1)C2
adefovir,Nc1ncnc2c1ncn2CCOCP(=O)(O)O
adefovir-dipivoxil,CC(C)(C)C(=O)OCOP(=O)(COCCn1cnc2c(N)ncnc21)OCOC(=O)C(C)(C)C
ademetionine,C[S+](CCC(N)C(=O)O)CC1OC(n2cnc3c(N)ncnc32)C(O)C1O
adrafinil,O=C(CS(=O)C(c1ccccc1)c1ccccc1)NO
adrenalone,CNCC(=O)c1ccc(O)c(O)c1
afatinib,CN(C)CC=CC(=O)Nc1cc2c(Nc3ccc(F)c(Cl)c3)ncnc2cc1OC1CCOC1
afloqualone,Cc1ccccc1-n1c(CF)nc2ccc(N)cc2c1=O
afobazole,CCOc1ccc2[nH]c(SCCN3CCOCC3)nc2c1
agomelatine,COc1ccc2cccc(CCNC(C)=O)c2c1
AGP-103,CCCCCCCCCCCCCCCCCCCCCC(=O)O
alacepril,CC(=O)SCC(C)C(=O)N1CCCC1C(=O)NC(Cc1ccccc1)C(=O)O
alanine;L-alanine,CC(N)C(=O)O
alarelin,CCNC(=O)C1CCCN1C(=O)C(CCCNC(=N)N)NC(=O)C(CC(C)C)NC(=O)C(C)NC(=O)C(Cc1ccc(O)cc1)NC(=O)C(CO)NC(=O)C(Cc1c[nH]c2ccccc12)NC(=O)C(Cc1cnc[nH]1)NC(=O)C1CCC(=O)N1
albendazole,CCCSc1ccc2[nH]c(NC(=O)OC)nc2c1
albendazole-oxide,CCCS(=O)c1ccc2nc(NC(=O)OC)[nH]c2c1
alcaftadine,CN1CCC(=C2c3ccccc3CCn3c(C=O)cnc32)CC1
alclofenac,C=CCOc1ccc(CC(=O)O)cc1Cl
alcuronium,C=CC[N+]12CCC34c5ccccc5N5C=C6C7CC8C9(CC[N+]8(CC=C)CC7=CCO)c7ccccc7N(C=C(C(CC31)C(=CCO)C2)C54)C69
alectinib,CCc1cc2c(cc1N1CCC(N3CCOCC3)CC1)C(C)(C)c1[nH]c3cc(C#N)ccc3c1C2=O
alendronate,NCCCC(O)(P(=O)(O)O)P(=O)(O)O
alfacalcidol,C=C1C(=CC=C2CCCC3(C)C2CCC3C(C)CCCC(C)C)CC(O)CC1O
alfaxalone,CC(=O)C1CCC2C3CCC4CC(O)CCC4(C)C3C(=O)CC12C
algestone-acetophenide,CC(=O)C12OC(C)(c3ccccc3)OC1CC1C3CCC4=CC(=O)CCC4(C)C3CCC12C
alibendol,C=CCc1cc(OC)c(O)c(C(=O)NCCO)c1
alizapride,C=CCN1CCCC1CNC(=O)c1cc2nn[nH]c2cc1OC
allylestrenol,C=CCC1(O)CCC2C3CCC4=CCCCC4C3CCC21C
almitrine,C=CCNc1nc(NCC=C)nc(N2CCN(C(c3ccc(F)cc3)c3ccc(F)cc3)CC2)n1
almotriptan,CN(C)CCc1c[nH]c2ccc(CS(=O)(=O)N3CCCC3)cc12
alogliptin,Cn1c(=O)cc(N2CCCC(N)C2)n(Cc2ccccc2C#N)c1=O
alprostadil,CCCCCC(O)C=CC1C(O)CC(=O)C1CCCCCCC(=O)O
alvimopan,CC1CN(CC(Cc2ccccc2)C(=O)NCC(=O)O)CCC1(C)c1cccc(O)c1
ambenonium,CC[N+](CC)(CCNC(=O)C(=O)NCC[N+](CC)(CC)Cc1ccccc1Cl)Cc1ccccc1Cl
ambrisentan,COC(c1ccccc1)(c1ccccc1)C(Oc1nc(C)cc(C)n1)C(=O)O
amdinocillin,CC1(C)SC2C(N=CN3CCCCCC3)C(=O)N2C1C(=O)O
amezinium,COc1cc(N)cn[n+]1-c1ccccc1
amfenac,Nc1c(CC(=O)O)cccc1C(=O)c1ccccc1
amfepramone,CCN(CC)C(C)C(=O)c1ccccc1
amifampridine,Nc1ccncc1N
amiloride,N=C(N)NC(=O)c1nc(Cl)c(N)nc1N
aminosalicylate,Nc1ccc(C(=O)O)c(O)c1
amisulpride,CCN1CCCC1CNC(=O)c1cc(S(=O)(=O)CC)c(N)cc1OC
amlexanox,CC(C)c1ccc2oc3nc(N)c(C(=O)O)cc3c(=O)c2c1
amlodipine,CCOC(=O)C1=C(COCCN)NC(C)=C(C(=O)OC)C1c1ccccc1Cl
ammonium-lactate,CC(O)C(=O)O
amorolfine,CCC(C)(C)c1ccc(CC(C)CN2CC(C)OC(C)C2)cc1
amperozide,CCNC(=O)N1CCN(CCCC(c2ccc(F)cc2)c2ccc(F)cc2)CC1
ampicillin,CC1(C)SC2C(NC(=O)C(N)c3ccccc3)C(=O)N2C1C(=O)O
ampiroxicam,CCOC(=O)OC(C)OC1=C(C(=O)Nc2ccccn2)N(C)S(=O)(=O)c2ccccc21
amprenavir,CC(C)CN(CC(O)C(Cc1ccccc1)NC(=O)OC1CCOC1)S(=O)(=O)c1ccc(N)cc1
amrinone,Nc1cc(-c2ccncc2)c[nH]c1=O
amrubicin,CC(=O)C1(N)Cc2c(O)c3c(c(O)c2C(OC2CC(O)C(O)CO2)C1)C(=O)c1ccccc1C3=O
amtolmetin-guacil,COc1ccccc1OC(=O)CNC(=O)Cc1ccc(C(=O)c2ccc(C)cc2)n1C
anagliptin,Cc1cc2ncc(C(=O)NCC(C)(C)NCC(=O)N3CCCC3C#N)cn2n1
anastrozole,CC(C)(C#N)c1cc(Cn2cncn2)cc(C(C)(C)C#N)c1
anecortave-acetate,CC(=O)OCC(=O)C1(O)CCC2C3CCC4=CC(=O)CCC4(C)C3=CCC21C
anethole-trithione,COc1ccc(-c2cc(=S)ss2)cc1
anidulafungin,CCCCCOc1ccc(-c2ccc(-c3ccc(C(=O)NC4CC(O)C(O)NC(=O)C5C(O)C(C)CN5C(=O)C(C(C)O)NC(=O)C(C(O)C(O)c5ccc(O)cc5)NC(=O)C5CC(O)CN5C(=O)C(C(C)O)NC4=O)cc3)cc2)cc1
anisotropine,CCCC(CCC)C(=O)OC1CC2CCC(C1)[N+]2(C)C
antioxine,Cc1ccc(C(C)C)cc1O
apalutamide,CNC(=O)c1ccc(N2C(=S)N(c3cnc(C#N)c(C(F)(F)F)c3)C(=O)C23CCC3)cc1F
apixaban,COc1ccc(-n2nc(C(N)=O)c3c2C(=O)N(c2ccc(N4CCCCC4=O)cc2)CC3)cc1
apraclonidine,Nc1cc(Cl)c(NC2=NCCN2)c(Cl)c1
apremilast,CCOc1cc(C(CS(C)(=O)=O)N2C(=O)c3cccc(NC(C)=O)c3C2=O)ccc1OC
aprepitant,CC(OC1OCCN(Cc2n[nH]c(=O)[nH]2)C1c1ccc(F)cc1)c1cc(C(F)(F)F)cc(C(F)(F)F)c1
aprindine,CCN(CC)CCCN(c1ccccc1)C1Cc2ccccc2C1
arbidol,CCOC(=O)c1c(CSc2ccccc2)n(C)c2cc(Br)c(O)c(CN(C)C)c12
argatroban,CC1CNc2c(cccc2S(=O)(=O)NC(CCCN=C(N)N)C(=O)N2CCC(C)CC2C(=O)O)C1
arglabin,C=C1C(=O)OC2C1CCC1(C)OC13CC=C(C)C23
arotinolol,CC(C)(C)NCC(O)CSc1nc(-c2ccc(C(N)=O)s2)cs1
arsenic-trioxide,O[AsH]O[AsH]O
artemether,COC1OC2OC3(C)CCC4C(C)CCC(C1C)C24OO3
artemotil,CCOC1OC2OC3(C)CCC4C(C)CCC(C1C)C24OO3
artesunate,CC1CCC2C(C)C(OC(=O)CCC(=O)O)OC3OC4(C)CCC1C32OO4
articaine,CCCNC(C)C(=O)Nc1c(C)csc1C(=O)OC
ascorbic-acid,O=C1OC(C(O)CO)C(O)C1=O
asenapine,CN1CC2c3ccccc3Oc3ccc(Cl)cc3C2C1
ataluren,O=C(O)c1cccc(-c2noc(-c3ccccc3F)n2)c1
atazanavir,COC(=O)NC(C(=O)NC(Cc1ccccc1)C(O)CN(Cc1ccc(-c2ccccn2)cc1)NC(=O)C(NC(=O)OC)C(C)(C)C)C(C)(C)C
atipamezole,CCC1(c2cnc[nH]2)Cc2ccccc2C1
atorvastatin,CC(C)c1c(C(=O)Nc2ccccc2)c(-c2ccccc2)c(-c2ccc(F)cc2)n1CCC(O)CC(O)CC(=O)O
atosiban,CCOc1ccc(CC2NC(=O)CCSSCC(C(=O)N3CCCC3C(=O)NC(CCCN)C(=O)NCC(N)=O)NC(=O)C(CC(N)=O)NC(=O)C(C(C)O)NC(=O)C(C(C)CC)NC2=O)cc1
atovaquone,O=C1C(=O)C(C2CCC(c3ccc(Cl)cc3)CC2)C(=O)c2ccccc21
atracurium;betaxolol;cisatracurium,COc1ccc(CC2c3cc(OC)c(OC)cc3CC[N+]2(C)CCC(=O)OCCCCCOC(=O)CC[N+]2(C)CCc3cc(OC)c(OC)cc3C2Cc2ccc(OC)c(OC)c2)cc1OC
auranofin,CC[PH](CC)(CC)[Au]SC1OC(COC(C)=O)C(OC(C)=O)C(OC(C)=O)C1OC(C)=O
auranofin,CCP(CC)(CC)=[Au]SC1OC(COC(C)=O)C(OC(C)=O)C(OC(C)=O)C1OC(C)=O
aurothioglucose,OCC1OC(S[Au])C(O)C(O)C1O
avanafil,COc1ccc(CNc2nc(N3CCCC3CO)ncc2C(=O)NCc2ncccn2)cc1Cl
avatrombopag,O=C(Nc1nc(-c2cc(Cl)cs2)c(N2CCN(C3CCCCC3)CC2)s1)c1cnc(N2CCC(C(=O)O)CC2)c(Cl)c1
avibactam,NC(=O)C1CCC2CN1C(=O)N2OS(=O)(=O)O
axitinib,CNC(=O)c1ccccc1Sc1ccc2c(C=Cc3ccccn3)n[nH]c2c1
azasetron,CN1C(=O)COc2c(C(=O)NC3CN4CCC3CC4)cc(Cl)cc21
azatadine,CN1CCC(=C2c3ccccc3CCc3cccnc32)CC1
azathioprine,Cn1cnc([N+](=O)[O-])c1Sc1[nH]cnc2ncnc1-2
azelnidipine,CC1=C(C(=O)OC(C)C)C(c2cccc([N+](=O)[O-])c2)C(C(=O)OC2CN(C(c3ccccc3)c3ccccc3)C2)=C(N)N1
azilsartan,CCOc1nc2cccc(C(=O)O)c2n1Cc1ccc(-c2ccccc2-c2nc(=O)o[nH]2)cc1
azilsartan-medoxomil,CCOc1nc2cccc(C(=O)OCc3oc(=O)oc3C)c2n1Cc1ccc(-c2ccccc2-c2nc(=O)o[nH]2)cc1
azlocillin,CC1(C)SC2C(NC(=O)C(NC(=O)N3CCNC3=O)c3ccccc3)C(=O)N2C1C(=O)O
azosemide,NS(=O)(=O)c1cc(-c2nnn[nH]2)c(NCc2cccs2)cc1Cl
bacitracin,CCC(C)C(NC(=O)C(CCC(=O)O)NC(=O)C(CC(C)C)NC(=O)C1CN=C(C(N)C(C)C)S1)C(=O)NC1CCCCNC(=O)C(CC(N)=O)NC(=O)C(CC(=O)O)NC(=O)C(Cc2c[nH]cn2)NC(=O)C(Cc2ccccc2)NC(=O)C(C(C)CC)NC(=O)C(CCCN)NC1=O
bacitracin,CCC(C)C(N)C1=NC(C(=O)NC(CC(C)C)C(=O)NC(CCC(=O)O)C(=O)NC(C(=O)NCCCCC2NC(=O)C(CC(N)=O)NC(=O)C(CC(=O)O)NC(=O)C(Cc3c[nH]cn3)NC(=O)C(Cc3ccccc3)NC(=O)C(C(C)CC)NC(=O)C(CCCN)NC2=O)C(C)CC)CS1
bacitracin;bacitracin-zinc,CCC(C)C(N)C1=NC(C(=O)NC(CC(C)C)C(=O)NC(CCC(=O)O)C(=O)NC(C(=O)NC2CCCCNC(=O)C(CC(N)=O)NC(=O)C(CC(=O)O)NC(=O)C(Cc3cnc[nH]3)NC(=O)C(Cc3ccccc3)NC(=O)C(C(C)CC)NC(=O)C(CCCN)NC2=O)C(C)CC)CS1
bacitracin-zinc,CCC(C)C(N)C1=NCC(C(=O)NC(CC(C)C)C(=O)NC2CCC(=O)O[Zn]OC(=O)CC3NC(=O)C(Cc4c[nH]cn4)NC(=O)C(Cc4ccccc4)NC(=O)C(C(C)CC)NC(=O)C(CCCN)NC(=O)C(CCCCNC(=O)C(CC(N)=O)NC3=O)NC(=O)C(C(C)CC)NC2=O)S1
baicalin,O=C(O)C1OC(Oc2cc3oc(-c4ccccc4)cc(=O)c3c(O)c2O)C(O)C(O)C1O
balofloxacin,CNC1CCCN(c2c(F)cc3c(=O)c(C(=O)O)cn(C4CC4)c3c2OC)C1
balsalazide,O=C(O)CCNC(=O)c1ccc(N=Nc2ccc(O)c(C(=O)O)c2)cc1
barnidipine,COC(=O)C1=C(C)NC(C)=C(C(=O)OC2CCN(Cc3ccccc3)C2)C1c1cccc([N+](=O)[O-])c1
bazedoxifene,Cc1c(-c2ccc(O)cc2)n(Cc2ccc(OCCN3CCCCCC3)cc2)c2ccc(O)cc12
bedaquiline,COc1nc2ccc(Br)cc2cc1C(c1ccccc1)C(O)(CCN(C)C)c1cccc2ccccc12
belinostat,O=C(C=Cc1cccc(S(=O)(=O)Nc2ccccc2)c1)NO
bemegride,CCC1(C)CC(=O)NC(=O)C1
bemotrizinol,CCCCC(CC)COc1ccc(-c2nc(-c3ccc(OC)cc3)nc(-c3ccc(OCC(CC)CCCC)cc3O)n2)c(O)c1
bendamustine,Cn1c(CCCC(=O)O)nc2cc(N(CCCl)CCCl)ccc21
bendazac,O=C(O)COc1nn(Cc2ccccc2)c2ccccc12
benidipine,COC(=O)C1=C(C)NC(C)=C(C(=O)OC2CCCN(Cc3ccccc3)C2)C1c1cccc([N+](=O)[O-])c1
benperidol,O=C(CCCN1CCC(n2c(=O)[nH]c3ccccc32)CC1)c1ccc(F)cc1
benproperine,CC(COc1ccccc1Cc1ccccc1)N1CCCCC1
bentazepam,O=C1CN=C(c2ccccc2)c2c(sc3c2CCCC3)N1
bentiromide,O=C(O)c1ccc(NC(=O)C(Cc2ccc(O)cc2)NC(=O)c2ccccc2)cc1
benznidazole,O=C(Cn1ccnc1[N+](=O)[O-])NCc1ccccc1
benzonatate,CCCCNc1ccc(C(=O)OCCOCCOCCOCCOCCOCCOCCOCCOCCOC)cc1
benzthiazide,NS(=O)(=O)c1cc2c(cc1Cl)N=C(CSCc1ccccc1)NS2(=O)=O
benztropine-mesylate,CN1C2CCC1CC(OC(c1ccccc1)c1ccccc1)C2
benzyl-alcohol,OCc1ccccc1
benzylpenicillin,CC1(C)SC2C(NC(=O)Cc3ccccc3)C(=O)N2C1C(=O)O
bephenium-hydroxynaphthoate,C[N+](C)(CCOc1ccccc1)Cc1ccccc1
bepotastine,O=C(O)CCCN1CCC(OC(c2ccc(Cl)cc2)c2ccccn2)CC1
besifloxacin,NC1CCCCN(c2c(F)cc3c(=O)c(C(=O)O)cn(C4CC4)c3c2Cl)C1
beta-CCB,CCCCOC(=O)c1cc2c(cn1)[nH]c1ccccc12
beta-elemene;elemene,C=CC1(C)CCC(C(=C)C)CC1C(=C)C
betaxolol;levobetaxolol,CC(C)NCC(O)COc1ccc(CCOCC2CC2)cc1
betazole,NCCc1cc[nH]n1
betrixaban,COc1ccc(NC(=O)c2ccc(C(=N)N(C)C)cc2)c(C(=O)Nc2ccc(Cl)cn2)c1
bevantolol,COc1ccc(CCNCC(O)COc2cccc(C)c2)cc1OC
bexarotene,C=C(c1ccc(C(=O)O)cc1)c1cc2c(cc1C)C(C)(C)CCC2(C)C
biapenem,CC(O)C1C(=O)N2C(C(=O)O)=C(SC3Cn4cnc[n+]4C3)C(C)C12
bicalutamide,CC(O)(CS(=O)(=O)c1ccc(F)cc1)C(=O)Nc1ccc(C#N)c(C(F)(F)F)c1
bicyclol,COC(=O)c1cc(OC)c2c(c1-c1c(CO)cc(OC)c3c1OCO3)OCO2
bifemelane,CNCCCCOc1ccccc1Cc1ccccc1
bifendate,COC(=O)c1cc(OC)c2c(c1-c1c(C(=O)OC)cc(OC)c3c1OCO3)OCO2
bilastine,CCOCCn1c(C2CCN(CCc3ccc(C(C)(C)C(=O)O)cc3)CC2)nc2ccccc21
bimatoprost,CCNC(=O)CCCC=CCC1C(O)CC(O)C1C=CC(O)CCc1ccccc1
bismuth-subcitrate-potassium,O=C(O)CC(O)(CC(=O)O[Bi]1OC(=O)CC(O)(CC(=O)O)C(=O)O1)C(=O)O
bismuth-subgallate,O=C(O)c1cc(O)c2c(c1)O[Bi](O)O2
bismuth-subsalicylate,O=C1O[Bi](O)Oc2ccccc21
bivalirudin,CCC(C)C(NC(=O)C(CCC(=O)O)NC(=O)C(CCC(=O)O)NC(=O)C(Cc1ccccc1)NC(=O)C(CC(=O)O)NC(=O)CNC(=O)C(CC(N)=O)NC(=O)CNC(=O)CNC(=O)CNC(=O)CNC(=O)C1CCCN1C(=O)C(CCCNC(=N)N)NC(=O)C1CCCN1C(=O)C(N)Cc1ccccc1)C(=O)N1CCCC1C(=O)NC(CCC(=O)O)C(=O)NC(CCC(=O)O)C(=O)NC(Cc1ccc(O)cc1)C(=O)NC(CC(C)C)C(=O)O
bleomycin,Cc1c(N)nc(C(CC(N)=O)NCC(N)C(N)=O)nc1C(=O)NC(C(=O)NC(C)C(O)C(C)C(=O)NC(C(=O)NCCc1nc(-c2nc(C(=O)NCCC[S+](C)C)cs2)cs1)C(C)O)C(OC1OC(CO)C(O)C(O)C1OC1OC(CO)C(O)C(OC(N)=O)C1O)c1c[nH]cn1
blonanserin,CCN1CCN(c2cc(-c3ccc(F)cc3)c3c(n2)CCCCCC3)CC1
boceprevir,CC(C)(C)NC(=O)NC(C(=O)N1CC2C(C1C(=O)NC(CC1CCC1)C(=O)C(N)=O)C2(C)C)C(C)(C)C
bopindolol,Cc1cc2c(OCC(CNC(C)(C)C)OC(=O)c3ccccc3)cccc2[nH]1
bortezomib,CC(C)CC(NC(=O)C(Cc1ccccc1)NC(=O)c1cnccn1)B(O)O
bosentan,COc1ccccc1Oc1c(NS(=O)(=O)c2ccc(C(C)(C)C)cc2)nc(-c2ncccn2)nc1OCCO
bosutinib,COc1cc(Nc2c(C#N)cnc3cc(OCCCN4CCN(C)CC4)c(OC)cc23)c(Cl)cc1Cl
bretylium,CC[N+](C)(C)Cc1ccccc1Br
brexpiprazole,O=c1ccc2ccc(OCCCCN3CCN(c4cccc5sccc45)CC3)cc2[nH]1
brigatinib,COc1cc(N2CCC(N3CCN(C)CC3)CC2)ccc1Nc1ncc(Cl)c(Nc2ccccc2P(C)(C)=O)n1
brilliant-green,CCN(CC)c1ccc(C(=C2C=CC(=[N+](CC)CC)C=C2)c2ccccc2)cc1
brimonidine,Brc1c(NC2=NCCN2)ccc2nccnc12
brinzolamide,CCNC1CN(CCCOC)S(=O)(=O)c2sc(S(N)(=O)=O)cc21
brivaracetam,CCCC1CC(=O)N(C(CC)C(N)=O)C1
brivudine,O=c1[nH]c(=O)n(C2CC(O)C(CO)O2)cc1C=CBr
brolitene,O=C(C=Cc1ccccc1)NCCO
bromantan,Brc1ccc(NC2C3CC4CC(C3)CC2C4)cc1
bronopol,O=[N+]([O-])C(Br)(CO)CO
bucillamine,CC(C)(S)C(=O)NC(CS)C(=O)O
buclizine,CC(C)(C)c1ccc(CN2CCN(C(c3ccccc3)c3ccc(Cl)cc3)CC2)cc1
budipine,CC(C)(C)N1CCC(c2ccccc2)(c2ccccc2)CC1
bunazosin,CCCC(=O)N1CCCN(c2nc(N)c3cc(OC)c(OC)cc3n2)CC1
buparvaquone,CC(C)(C)C1CCC(CC2C(=O)C(=O)c3ccccc3C2=O)CC1
bupranolol,Cc1ccc(Cl)c(OCC(O)CNC(C)(C)C)c1
butalbital,C=CCC1(CC(C)C)C(=O)NC(=O)NC1=O
butenafine,CN(Cc1ccc(C(C)(C)C)cc1)Cc1cccc2ccccc12
butoconazole,Clc1ccc(CCC(Cn2ccnc2)Sc2c(Cl)cccc2Cl)cc1
butorphanol-(+)-tartrate,Oc1ccc2c(c1)C13CCCCC1(O)C(C2)N(CC1CCC1)CC3
butylphthalide,CCCCC1OC(=O)c2ccccc21
butylscopolamine-bromide,CCCC[N+]1(C)C2CC(OC(=O)C(CO)c3ccccc3)CC1C1OC12
cabagin,C[S+](C)CCC(N)C(=O)O
cabazitaxel,COC1C(=O)C2(C)C(OC)CC3OCC3(OC(C)=O)C2C(OC(=O)c2ccccc2)C2(O)CC(OC(=O)C(O)C(NC(=O)OC(C)(C)C)c3ccccc3)C(C)=C1C2(C)C
cabergoline,C=CCN1CC(C(=O)N(CCCN(C)C)C(=O)NCC)CC2c3cccc4[nH]cc(c34)CC21
cabozantinib,COc1cc2nccc(Oc3ccc(NC(=O)C4(C(=O)Nc5ccc(F)cc5)CC4)cc3)c2cc1OC
cadralazine,CCOC(=O)NNc1ccc(N(CC)CC(C)O)nn1
calcifediol,C=C1CCC(O)CC1=CC=C1CCCC2(C)C1CCC2C(C)CCCC(C)(C)O
calcipotriol,C=C1C(=CC=C2CCCC3(C)C2CCC3C(C)C=CC(O)C2CC2)CC(O)CC1O
calcitriol,C=C1C(=CC=C2CCCC3(C)C2CCC3C(C)CCCC(C)(C)O)CC(O)CC1O
calcium-gluceptate;sodium-glucoheptonate,O=C(O)C(O)C(O)C(O)C(O)C(O)CO
calcium-levofolinate;leucovorin,Nc1nc(=O)c2c([nH]1)NCC(CNc1ccc(C(=O)NC(CCC(=O)O)C(=O)O)cc1)N2C=O
canagliflozin,Cc1ccc(C2OC(CO)C(O)C(O)C2O)cc1Cc1ccc(-c2ccc(F)cc2)s1
candesartan,CCOc1nc2cccc(C(=O)O)c2n1Cc1ccc(-c2ccccc2-c2nnn[nH]2)cc1
candesartan-cilextil,CCOc1nc2cccc(C(=O)OC(C)OC(=O)OC3CCCCC3)c2n1Cc1ccc(-c2ccccc2-c2nnn[nH]2)cc1
candicidin,CC1C=CC=CC=CC=CC=CC=CC=CC(OC2OC(C)C(O)C(O)C2N)CC(O)C(C(=O)O)C(O)CC(=O)CC(O)CC(O)CC(O)CC(=O)CCCC(=O)CC(=O)OC1C(C)CC(C)C(O)CC(=O)c1ccc(N)cc1
capecitabine,CCCCCOC(=O)Nc1nc(=O)n(C2OC(C)C(O)C2O)cc1F
capreomycin,N=C1NCCC(C2NC(=O)C(=CNC(N)=O)NC(=O)C(CNC(=O)CC(N)CCCN)NC(=O)C(CO)NC(=O)C(N)CNC2=O)N1
capreomycin,CC1NC(=O)C(N)CNC(=O)C(C2CCNC(=N)N2)NC(=O)C(=CNC(N)=O)NC(=O)C(CNC(=O)CC(N)CCCN)NC1=O
caprylic-acid,CCCCCCCC(=O)O
caramiphen,CCN(CC)CCOC(=O)C1(c2ccccc2)CCCC1
carazolol,CC(C)NCC(O)COc1cccc2[nH]c3ccccc3c12
carbaril,CNC(=O)Oc1cccc2ccccc12
carbarsone,NC(=O)Nc1ccc([As](=O)(O)O)cc1
carbazochrome,CN1C2=CC(=O)C(=NNC(N)=O)C=C2CC1S(=O)(=O)O
carbendazim,COC(=O)Nc1nc2ccccc2[nH]1
carbenicillin,CC1(C)SC2C(NC(=O)C(C(=O)O)c3ccccc3)C(=O)N2C1C(=O)O
carbenoxolone,CC1(C(=O)O)CCC2(C)CCC3(C)C(=CC(=O)C4C5(C)CCC(OC(=O)CCC(=O)O)C(C)(C)C5CCC43C)C2C1
carbetocin,CCC(C)C1NC(=O)C(Cc2ccc(OC)cc2)NC(=O)CCCSCC(C(=O)N2CCCC2C(=O)NC(CC(C)C)C(=O)NCC(N)=O)NC(=O)C(CC(N)=O)NC(=O)C(CCC(N)=O)NC1=O
carboplatin,N[Pt]1(N)OC(=O)C2(CCC2)C(=O)O1
carfilzomib,CC(C)CC(NC(=O)C(CCc1ccccc1)NC(=O)CN1CCOCC1)C(=O)NC(Cc1ccccc1)C(=O)NC(CC(C)C)C(=O)C1(C)CO1
carglumic-acid,NC(=O)NC(CCC(=O)O)C(=O)O
cariprazine,CN(C)C(=O)NC1CCC(CCN2CCN(c3cccc(Cl)c3Cl)CC2)CC1
carmustine,O=C(NCCCl)N(CCCl)[N+][O-]
caroverine,CCN(CC)CCN1C(=O)C(=Cc2ccc(OC)cc2)Nc2ccccc21
carteolol,CC(C)(C)NCC(O)COc1cccc2c1CCC(=O)N2
carumonam,NC(=O)OCC1C(NC(=O)C(=NOCC(=O)O)c2csc(N)n2)C(=O)N1S(=O)(=O)O
casanthranol-variant,O=C1c2c(O)cccc2C(OC2OC(CO)C(O)C(O)C2O)c2cc(CO)cc(O)c21
caspofungin;caspofungin-acetate,CCC(C)CC(C)CCCCCCCCC(=O)NC1CC(O)C(NCCN)NC(=O)C2C(O)CCN2C(=O)C(C(O)CCN)NC(=O)C(C(O)C(O)c2ccc(O)cc2)NC(=O)C2CC(O)CN2C(=O)C(C(C)O)NC1=O
cefalonium,NC(=O)c1cc[n+](CC2=C(C(=O)O)N3C(=O)C(NC(=O)Cc4cccs4)C3SC2)cc1
cefamandole,Cn1nnnc1SCC1=C(C(=O)O)N2C(=O)C(NC(=O)C(O)c3ccccc3)C2SC1
cefamandole-nafate,Cn1nnnc1SCC1=C(C(=O)O)N2C(=O)C(NC(=O)C(OC=O)c3ccccc3)C2SC1
cefathiamidine,CC(=O)OCC1=C(C(=O)O)N2C(=O)C(NC(=O)CSC(=NC(C)C)NC(C)C)C2SC1
cefazolin,Cc1nnc(SCC2=C(C(=O)O)N3C(=O)C(NC(=O)Cn4cnnn4)C3SC2)s1
cefcapene-pivoxil,CCC=C(C(=O)NC1C(=O)N2C(C(=O)OCOC(=O)C(C)(C)C)=C(COC(N)=O)CSC12)c1csc(N)n1
cefepime,CON=C(C(=O)NC1C(=O)N2C(C(=O)O)=C(C[N+]3(C)CCCC3)CSC12)c1csc(N)n1
cefetamet,CON=C(C(=O)NC1C(=O)N2C(C(=O)O)=C(C)CSC12)c1csc(N)n1
cefetamet-pivoxil,CON=C(C(=O)NC1C(=O)N2C(C(=O)OCOC(=O)C(C)(C)C)=C(C)CSC12)c1csc(N)n1
cefixime,C=CC1=C(C(=O)O)N2C(=O)C(NC(=O)C(=NOCC(=O)O)c3csc(N)n3)C2SC1
cefmenoxime,CON=C(C(=O)NC1C(=O)N2C(C(=O)O)=C(CSc3nnnn3C)CSC12)c1csc(N)n1
cefmetazole,COC1(NC(=O)CSCC#N)C(=O)N2C(C(=O)O)=C(CSc3nnnn3C)CSC21
cefminox,COC1(NC(=O)CSCC(N)C(=O)O)C(=O)N2C(C(=O)O)=C(CSc3nnnn3C)CSC21
cefodizime,CON=C(C(=O)NC1C(=O)N2C(C(=O)O)=C(CSc3nc(C)c(CC(=O)O)s3)CSC12)c1csc(N)n1
cefonicid,O=C(O)C1=C(CSc2nnnn2CS(=O)(=O)O)CSC2C(NC(=O)C(O)c3ccccc3)C(=O)N12
cefoperazone,CCN1CCN(C(=O)NC(C(=O)NC2C(=O)N3C(C(=O)O)=C(CSc4nnnn4C)CSC23)c2ccc(O)cc2)C(=O)C1=O
ceforanide,NCc1ccccc1CC(=O)NC1C(=O)N2C(C(=O)O)=C(CSc3nnnn3CC(=O)O)CSC12
cefoselis,CON=C(C(=O)NC1C(=O)N2C(C(=O)O)=C(Cn3ccc(=N)n3CCO)CSC12)c1csc(N)n1
cefotaxime,CON=C(C(=O)NC1C(=O)N2C(C(=O)O)=C(COC(C)=O)CSC12)c1csc(N)n1
cefotetan,COC1(NC(=O)C2SC(=C(C(N)=O)C(=O)O)S2)C(=O)N2C(C(=O)O)=C(CSc3nnnn3C)CSC21
cefotiam,CN(C)CCn1nnnc1SCC1=C(C(=O)O)N2C(=O)C(NC(=O)Cc3csc(N)n3)C2SC1
cefotiam-cilexetil,CC(OC(=O)OC1CCCCC1)OC(=O)C1=C(CSc2nnnn2CCN(C)C)CSC2C(NC(=O)Cc3csc(N)n3)C(=O)N12
cefoxitin,COC1(NC(=O)Cc2cccs2)C(=O)N2C(C(=O)O)=C(COC(N)=O)CSC21
cefozopran,CON=C(C(=O)NC1C(=O)N2C(C(=O)O)=C(C[n+]3ccn4ncccc43)CSC12)c1nsc(N)n1
cefpiramide,Cc1cc(O)c(C(=O)NC(C(=O)NC2C(=O)N3C(C(=O)O)=C(CSc4nnnn4C)CSC23)c2ccc(O)cc2)cn1
cefpirome,CON=C(C(=O)NC1C(=O)N2C(C(=O)O)=C(C[n+]3cccc4c3CCC4)CSC12)c1csc(N)n1
cefsulodin,NC(=O)c1cc[n+](CC2=C(C(=O)O)N3C(=O)C(NC(=O)C(c4ccccc4)S(=O)(=O)O)C3SC2)cc1
ceftaroline-fosamil,CCON=C(C(=O)NC1C(=O)N2C(C(=O)O)=C(Sc3nc(-c4cc[n+](C)cc4)cs3)CSC12)c1nsc(NP(=O)(O)O)n1
ceftazidime,CC(C)(ON=C(C(=O)NC1C(=O)N2C(C(=O)O)=C(C[n+]3ccccc3)CSC12)c1csc(N)n1)C(=O)O
ceftiofur,CON=C(C(=O)NC1C(=O)N2C(C(=O)O)=C(CSC(=O)c3ccco3)CSC12)c1csc(N)n1
ceftizoxim,CON=C(C(=O)NC1C(=O)N2C(C(=O)O)=CCSC12)c1csc(N)n1
ceftriaxone,CON=C(C(=O)NC1C(=O)N2C(C(=O)O)=C(CSc3nc(=O)c(O)nn3C)CSC12)c1csc(N)n1
cefuroxime,CON=C(C(=O)NC1C(=O)N2C(C(=O)O)=C(COC(N)=O)CSC12)c1ccco1
celiprolol,CCN(CC)C(=O)Nc1ccc(OCC(O)CNC(C)(C)C)c(C(C)=O)c1
cephalothin,CC(=O)OCC1=C(C(=O)O)N2C(=O)C(NC(=O)Cc3cccs3)C2SC1
cephapirin,CC(=O)OCC1=C(C(=O)O)N2C(=O)C(NC(=O)CSc3ccncc3)C2SC1
ceramide,CCCCCCCCCCCCCC=CC(O)C(CO)NC(C)=O
ceritinib,Cc1cc(Nc2ncc(Cl)c(Nc3ccccc3S(=O)(=O)C(C)C)n2)c(OC(C)C)cc1C1CCNCC1
cerulenin,CC=CCC=CCCC(=O)C1OC1C(N)=O
cetrimonium,CCCCCCCCCCCCCCCC[N+](C)(C)C
cetrorelix,CC(=O)NC(Cc1ccc2ccccc2c1)C(=O)NC(Cc1ccc(Cl)cc1)C(=O)NC(Cc1cccnc1)C(=O)NC(CO)C(=O)NC(Cc1ccc(O)cc1)C(=O)NC(CCCNC(N)=O)C(=O)NC(CC(C)C)C(=O)NC(CCCNC(=N)N)C(=O)N1CCCC1C(=O)NC(C)C(N)=O
cevimeline,CC1OC2(CS1)CN1CCC2CC1
chidamide,Nc1ccc(F)cc1NC(=O)c1ccc(CNC(=O)C=Cc2cccnc2)cc1
chloramine-t,Cc1ccc(S(=O)(=O)NCl)cc1
chlorhexidine,N=C(NCCCCCCNC(=N)NC(=N)Nc1ccc(Cl)cc1)NC(=N)Nc1ccc(Cl)cc1
chlormidazole,Cc1nc2ccccc2n1Cc1ccc(Cl)cc1
chlorobutanol,CC(C)(O)C(Cl)(Cl)Cl
chlorogenic-acid,O=C(C=Cc1ccc(O)c(O)c1)OC1CC(O)(C(=O)O)CC(O)C1O
chloroprocaine,CCN(CC)CCOC(=O)c1ccc(N)cc1Cl
chlorothiazide,NS(=O)(=O)c1cc2c(cc1Cl)N=CNS2(=O)=O
chlorothymol,Cc1cc(O)c(C(C)C)cc1Cl
chloroxoquinoline,Oc1ccnc2cc(Cl)ccc12
chlorphenesin,OCC(O)COc1ccc(Cl)cc1
chlorproguanil,CC(C)NC(=N)NC(=N)Nc1ccc(Cl)c(Cl)c1
chlorpyrifos,CCOP(=S)(OCC)Oc1nc(Cl)c(Cl)cc1Cl
chlortetracycline,CN(C)C1C(=O)C(C(N)=O)C(=O)C2(O)C(=O)C3C(=O)c4c(O)ccc(Cl)c4C(C)(O)C3CC12
cholic-acid,CC(CCC(=O)O)C1CCC2C3C(O)CC4CC(O)CCC4(C)C3CC(O)C12C
choline-alfoscerate,C[N+](C)(C)CCOP(=O)(O)OCC(O)CO
chromocarb,O=C(O)c1cc(=O)c2ccccc2o1
cibenzoline,c1ccc(C2(c3ccccc3)CC2=C2NCCN2)cc1
ciclesonide,CC(C)C(=O)OCC(=O)C12OC(C3CCCCC3)OC1CC1C3CCC4=CC(=O)C=CC4(C)C3C(O)CC12C
cidofovir,Nc1ccn(CC(CO)OCP(=O)(O)O)c(=O)n1
cilastatin,CC1(C)CC1C(=O)NC(=CCCCCSCC(N)C(=O)O)C(=O)O
cilazapril,CCOC(=O)C(CCc1ccccc1)NC1CCCN2CCCC(C(=O)O)N2C1=O
cilnidipine,COCCOC(=O)C1=C(C)NC(C)=C(C(=O)OCC=Cc2ccccc2)C1c1cccc([N+](=O)[O-])c1
cimetidine,CNC(=NC#N)NCCSCc1nc[nH]c1C
cimetropium,C[N+]1(CC2CC2)C2CC(OC(=O)C(CO)c3ccccc3)CC1C1OC12
cinacalcet,CC(NCCCc1cccc(C(F)(F)F)c1)c1cccc2ccccc12
cinepazet,CCOC(=O)CN1CCN(C(=O)C=Cc2cc(OC)c(OC)c(OC)c2)CC1
cinnarazine,C(=Cc1ccccc1)CN1CCN(C(c2ccccc2)c2ccccc2)CC1
cinoxate,CCOCCOC(=O)C=Cc1ccc(OC)cc1
ciprofibrate,CC(C)(Oc1ccc(C2CC2(Cl)Cl)cc1)C(=O)O
"cis-9,trans-11-Conjugated-linoleic-acid",CCCCCCC=CC=CCCCCCCCC(=O)O
cisplatin,N[Pt](N)(Cl)Cl
citicoline,C[N+](C)(C)CCOP(=O)(O)OP(=O)(O)OCC1OC(n2ccc(N)nc2=O)C(O)C1O
citric-acid;lithium-citrate,O=C(O)CC(O)(CC(=O)O)C(=O)O
cladribine,Nc1nc(Cl)nc2c1ncn2C1CC(O)C(CO)O1
clavulanate,O=C(O)C1C(=CCO)OC2CC(=O)N21
cleviprex,CCCC(=O)OCOC(=O)C1=C(C)NC(C)=C(C(=O)OC)C1c1cccc(Cl)c1Cl
clevudine,Cc1cn(C2OC(CO)C(O)C2F)c(=O)[nH]c1=O
climbazole,CC(C)(C)C(=O)C(Oc1ccc(Cl)cc1)n1ccnc1
clindamycin-phosphate,CCCC1CC(C(=O)NC(C(C)Cl)C2OC(SC)C(OP(=O)(O)O)C(O)C2O)N(C)C1
clinofibrate,CCC(C)(Oc1ccc(C2(c3ccc(OC(C)(CC)C(=O)O)cc3)CCCCC2)cc1)C(=O)O
clobazam,CN1C(=O)CC(=O)N(c2ccccc2)c2cc(Cl)ccc21
clobetasone-butyrate,CCCC(=O)OC1(C(=O)CCl)C(C)CC2C3CCC4=CC(=O)C=CC4(C)C3(F)C(=O)CC21C
clocortolone-pivalate,CC1CC2C3CC(F)C4=CC(=O)C=CC4(C)C3(Cl)C(O)CC2(C)C1C(=O)COC(=O)C(C)(C)C
clodronic-acid,O=P(O)(O)C(Cl)(Cl)P(=O)(O)O
clofarabine,Nc1nc(Cl)nc2c1ncn2C1OC(CO)C(O)C1F
clofedanol,CN(C)CCC(O)(c1ccccc1)c1ccccc1Cl
clofoctol,CC(C)(C)CC(C)(C)c1ccc(O)c(Cc2ccc(Cl)cc2Cl)c1
clomethiazole,Cc1ncsc1CCCl
clonidine,Clc1cccc(Cl)c1N=C1NCCN1
clopamide,CC1CCCC(C)N1NC(=O)c1ccc(Cl)c(S(N)(=O)=O)c1
cloperastine,Clc1ccc(C(OCCN2CCCCC2)c2ccccc2)cc1
clopidol,Cc1nc(C)c(Cl)c(O)c1Cl
cloprostenol-(+/-),O=C(O)CCCC=CCC1C(O)CC(O)C1C=CC(O)COc1cccc(Cl)c1
cloranolol,CC(C)(C)NCC(O)COc1cc(Cl)ccc1Cl
clorotepine,CN1CCN(C2Cc3ccccc3Sc3ccc(Cl)cc32)CC1
clorprenaline,CC(C)NCC(O)c1ccccc1Cl
closantel,Cc1cc(C(C#N)c2ccc(Cl)cc2)c(Cl)cc1NC(=O)c1cc(I)cc(I)c1O
cloxacillin,Cc1onc(-c2ccccc2Cl)c1C(=O)NC1C(=O)N2C1SC(C)(C)C2C(=O)O
cobicistat,CC(C)c1nc(CN(C)C(=O)NC(CCN2CCOCC2)C(=O)NC(CCC(Cc2ccccc2)NC(=O)OCc2cncs2)Cc2ccccc2)cs1
cobimetinib,O=C(c1ccc(F)c(F)c1Nc1ccc(I)cc1F)N1CC(O)(C2CCCCN2)C1
coenzyme-a,CC(C)(COP(=O)(O)OP(=O)(O)OCC1OC(n2cnc3c(N)ncnc32)C(O)C1OP(=O)(O)O)C(O)C(=O)NCCC(=O)NCCS
colforsin-daproate,C=CC1(C)CC(=O)C2(O)C(C)(O1)C(OC(C)=O)C(OC(=O)CCN(C)C)C1C(C)(C)CCC(O)C12C
colfosceril-palmitate,CCCCCCCCCCCCCCCC(=O)OCC(COP(=O)(O)OCC[N+](C)(C)C)OC(=O)CCCCCCCCCCCCCCC
colistimethate,CCC(C)C1NC(=O)C(CCNCS(=O)(=O)O)NC(=O)C(NC(=O)C(CCNCS(=O)(=O)O)NC(=O)C(NC(=O)C(CCNCS(=O)(=O)O)NC(=O)CCCCC(C)C)C(C)O)CCNC(=O)C(C(C)O)NC(=O)C(CCNCS(=O)(=O)O)NC(=O)C(CCNCS(=O)(=O)O)NC(=O)C(C(C)CC)NC1=O
colistin-b-sulfate,CC(C)CCCCC(=O)NC(CCN)C(=O)NC(C(=O)NC(CCN)C(=O)NC1CCNC(=O)C(C(C)O)NC(=O)C(CCN)NC(=O)C(CCN)NC(=O)C(CC(C)C)NC(=O)C(CC(C)C)NC(=O)C(CCN)NC1=O)C(C)O
colistin-sulfate,CCC(C)C1NC(=O)C(CCN)NC(=O)C(NC(=O)C(CCN)NC(=O)C(NC(=O)C(CCN)NC(=O)CCCCC(C)C)C(C)O)CCNC(=O)C(C(C)O)NC(=O)C(CCN)NC(=O)C(CCN)NC(=O)C(C(C)CC)NC1=O
colistin-sulfate,CC(C)CCCCC(=O)NC(CCN)C(=O)NC(C(=O)NC(CCN)C(=O)NC1CCNC(=O)C(C(C)O)NC(=O)C(CCN)NC(=O)C(CCN)NC(=O)C(C(C)C)CNC(=O)C(CC(C)C)NC(=O)C(CCN)NC1=O)C(C)O
conivaptan,Cc1nc2c([nH]1)-c1ccccc1N(C(=O)c1ccc(NC(=O)c3ccccc3-c3ccccc3)cc1)CC2
copanlisib,COc1c(OCCCN2CCOCC2)ccc2c1N=C(NC(=O)c1cnc(N)nc1)N1CCN=C21
cortisone;cortodoxone,CC12CCC(=O)C=C1CCC1C2C(=O)CC2(C)C1CCC2(O)C(=O)CO
creatine,CN(CC(=O)O)C(=N)N
creatinol-phosphate,CN(CCOP(=O)(O)O)C(=N)N
cridanimod,O=C(O)Cn1c2ccccc2c(=O)c2ccccc21
crizotinib;crizotinib-(S),CC(Oc1cc(-c2cnn(C3CCNCC3)c2)cnc1N)c1c(Cl)ccc(F)c1Cl
croconazole,C=C(c1ccccc1OCc1cccc(Cl)c1)n1ccnc1
cromoglicic-acid,O=C(O)c1cc(=O)c2c(OCC(O)COc3cccc4oc(C(=O)O)cc(=O)c34)cccc2o1
cyamemazine,CC(CN(C)C)CN1c2ccccc2Sc2ccc(C#N)cc21
cyanocobalamin,CC1=C2N=C(C=C3N=C(C(C)=C4C(CCC(N)=O)C(C)(CC(N)=O)C(C)(C5N=C1C(C)(CCC(=O)NCC(C)OP(=O)(O)OC1C(CO)OC(n6cnc7cc(C)c(C)cc76)C1O)C5CC(N)=O)N4[Co+]C#N)C(C)(CC(N)=O)C3CCC(N)=O)C(C)(C)C2CCC(N)=O
cyclopenthiazide,NS(=O)(=O)c1cc2c(cc1Cl)NC(CC1CCCC1)NS2(=O)=O
cyclovalone,COc1cc(C=C2CCCC(=Cc3ccc(O)c(OC)c3)C2=O)ccc1O
cypermethrin,CC1(C)C(C=C(Cl)Cl)C1C(=O)OC(C#N)c1cccc(Oc2ccccc2)c1
cyromazine,Nc1nc(N)nc(NC2CC2)n1
dabigatran,Cn1c(CNc2ccc(C(=N)N)cc2)nc2cc(C(=O)N(CCC(=O)O)c3ccccn3)ccc21
dabigatran-etexilate,CCCCCCOC(=O)N=C(N)c1ccc(NCc2nc3cc(C(=O)N(CCC(=O)OCC)c4ccccn4)ccc3n2C)cc1
dabrafenib,CC(C)(C)c1nc(-c2cccc(NS(=O)(=O)c3c(F)cccc3F)c2F)c(-c2ccnc(N)n2)s1
dacarbazine,CN(C)N=Nc1[nH]cnc1C(N)=O
daclatasvir,COC(=O)NC(C(=O)N1CCCC1c1ncc(-c2ccc(-c3ccc(-c4cnc(C5CCCN5C(=O)C(NC(=O)OC)C(C)C)[nH]4)cc3)cc2)[nH]1)C(C)C
dalbavancin,CNC1C(=O)NC2Cc3ccc(cc3)Oc3cc4cc(c3OC3OC(C(=O)O)C(O)C(O)C3NC(=O)CCCCCCCCC(C)C)Oc3ccc(cc3Cl)C(O)C3NC(=O)C(NC(=O)C4NC(=O)C(NC2=O)c2cc(cc(O)c2Cl)Oc2cc1ccc2O)c1ccc(O)c(c1)-c1c(OC2OC(CO)C(O)C(O)C2O)cc(O)cc1C(C(=O)NCCCN(C)C)NC3=O
D-alpha-tocopheryl-succinate,Cc1c(C)c2c(c(C)c1OC(=O)CCC(=O)O)CCC(C)(CCCC(C)CCCC(C)CCCC(C)C)O2
danofloxacin,CN1CC2CC1CN2c1cc2c(cc1F)c(=O)c(C(=O)O)cn2C1CC1
dantrolene,O=C1CN(N=Cc2ccc(-c3ccc([N+](=O)[O-])cc3)o2)C(=O)N1
dapagliflozin,CCOc1ccc(Cc2cc(C3OC(CO)C(O)C(O)C3O)ccc2Cl)cc1
dapiprazole,Cc1ccccc1N1CCN(CCc2nnc3n2CCCC3)CC1
dapoxetine,CN(C)C(CCOc1cccc2ccccc12)c1ccccc1
daptomycin,CCCCCCCCCC(=O)NC(Cc1c[nH]c2ccccc12)C(=O)NC(CC(N)=O)C(=O)NC(CC(=O)O)C(=O)NC1C(=O)NCC(=O)NC(CCCN)C(=O)NC(CC(=O)O)C(=O)NC(C)C(=O)NC(CC(=O)O)C(=O)NCC(=O)NC(CO)C(=O)NC(C(C)CC(=O)O)C(=O)NC(CC(=O)c2ccccc2N)C(=O)OC1C
darunavir,CC(C)CN(CC(O)C(Cc1ccccc1)NC(=O)OC1COC2OCCC12)S(=O)(=O)c1ccc(N)cc1
dasabuvir,COc1c(-c2ccc3cc(NS(C)(=O)=O)ccc3c2)cc(-n2ccc(=O)[nH]c2=O)cc1C(C)(C)C
D-delta-Tocopherol,Cc1cc(O)cc2c1OC(C)(CCCC(C)CCCC(C)CCCC(C)C)CC2
decitabine,Nc1ncn(C2CC(O)C(CO)O2)c(=O)n1
decoquinate,CCCCCCCCCCOc1cc2c(O)c(C(=O)OCC)cnc2cc1OCC
deferasirox,O=C(O)c1ccc(-n2nc(-c3ccccc3O)nc2-c2ccccc2O)cc1
deflazacort,CC(=O)OCC(=O)C12N=C(C)OC1CC1C3CCC4=CC(=O)C=CC4(C)C3C(O)CC12C
degarelix,CC(=O)NC(Cc1ccc2ccccc2c1)C(=O)NC(Cc1ccc(Cl)cc1)C(=O)NC(Cc1cccnc1)C(=O)NC(CO)C(=O)NC(Cc1ccc(NC(=O)C2CC(=O)NC(=O)N2)cc1)C(=O)NC(Cc1ccc(NC(N)=O)cc1)C(=O)NC(CC(C)C)C(=O)NC(CCCCNC(C)C)C(=O)N1CCCC1C(=O)NC(C)C(N)=O
dehydroepiandrosterone,CC12CCC3C(CC=C4CC(O)CCC43C)C1CCC2=O
dehydroepiandrosterone-sulfate,CC12CCC3C(CC=C4CC(OS(=O)(=O)O)CCC43C)C1CCC2=O
delamanid,CC1(COc2ccc(N3CCC(Oc4ccc(OC(F)(F)F)cc4)CC3)cc2)Cn2cc([N+](=O)[O-])nc2O1
delapril,CCOC(=O)C(CCc1ccccc1)NC(C)C(=O)N(CC(=O)O)C1Cc2ccccc2C1
delavirdine,CC(C)Nc1cccnc1N1CCN(C(=O)c2cc3cc(NS(C)(=O)=O)ccc3[nH]2)CC1
delivert,CCC(C)C(NC(=O)C(Cc1ccc(O)cc1)NC(=O)C(NC(=O)C(CCCNC(=N)N)NC(=O)C(N)CC(=O)O)C(C)C)C(=O)NC(Cc1cnc[nH]1)C(=O)N1CCCC1C(=O)NC(Cc1ccccc1)C(=O)O
demecarium,CN(CCCCCCCCCCN(C)C(=O)Oc1cccc([N+](C)(C)C)c1)C(=O)Oc1cccc([N+](C)(C)C)c1
demeclocycline,CN(C)C1C(=O)C(C(N)=O)C(=O)C2(O)C(=O)C3C(=O)c4c(O)ccc(Cl)c4C(O)C3CC12
denotivir,Cc1nsc(NC(=O)c2ccccc2)c1C(=O)Nc1ccc(Cl)cc1
deserpidine,COC(=O)C1C2CC3c4[nH]c5ccccc5c4CCN3CC2CC(OC(=O)c2cc(OC)c(OC)c(OC)c2)C1OC
deslanoside,CC1OC(OC2CCC3(C)C(CCC4C3CC(O)C3(C)C(C5=CC(=O)OC5)CCC43O)C2)CC(O)C1OC1CC(O)C(OC2CC(O)C(OC3OC(CO)C(O)C(O)C3O)C(C)O2)C(C)O1
desloratadine,Clc1ccc2c(c1)CCc1cccnc1C2=C1CCNCC1
desmopressin-acetate,N=C(N)NCCCC(NC(=O)C1CCCN1C(=O)C1CSSCCC(=O)NC(Cc2ccc(O)cc2)C(=O)NC(Cc2ccccc2)C(=O)NC(CCC(N)=O)C(=O)NC(CC(N)=O)C(=O)N1)C(=O)NCC(N)=O
desogestrel,C#CC1(O)CCC2C3CCC4=CCCCC4C3C(=C)CC21CC
desoxycorticosterone-pivalate,CC(C)(C)C(=O)OCC(=O)C1CCC2C3CCC4=CC(=O)CCC4(C)C3CCC12C
desvenlafaxine,CN(C)CC(c1ccc(O)cc1)C1(O)CCCCC1
detomidine,Cc1cccc(Cc2c[nH]cn2)c1C
dexamethasone-sodium-phosphate,CC1CC2C3CCC4=CC(=O)C=CC4(C)C3(F)C(O)CC2(C)C1(O)C(=O)COP(=O)(O)O
dexmedetomidine,Cc1cccc(C(C)c2cnc[nH]2)c1C
dexrazoxane,CC(CN1CC(=O)NC(=O)C1)N1CC(=O)NC(=O)C1
dextran,O=CC(O)C(O)C(O)C(O)COC1OC(COC2OC(CO)C(O)C(O)C2O)C(O)C(O)C1O
dextroamphetamine,CC(N)Cc1ccccc1
dextrose,O=CC(O)C(O)C(O)C(O)CO
diaveridine,COc1ccc(Cc2cnc(N)nc2N)cc1OC
diazepam,CN1C(=O)CN=C(c2ccccc2)c2cc(Cl)ccc21
diazoxide,CC1=Nc2ccc(Cl)cc2S(=O)(=O)N1
diclazuril,N#CC(c1ccc(Cl)cc1)c1c(Cl)cc(-n2ncc(=O)[nH]c2=O)cc1Cl
diclofenac,O=C(O)Cc1ccccc1Nc1c(Cl)cccc1Cl
diclofenamide,NS(=O)(=O)c1cc(Cl)c(Cl)c(S(N)(=O)=O)c1
dicloxacillin,Cc1onc(-c2c(Cl)cccc2Cl)c1C(=O)NC1C(=O)N2C1SC(C)(C)C2C(=O)O
didanosine,OCC1CCC(n2cnc3c(O)ncnc32)O1
didox,O=C(NO)c1ccc(O)c(O)c1
dienogest,CC12CCC3=C4CCC(=O)C=C4CCC3C1CCC2(O)CC#N
diethyltoluamide,CCN(CC)C(=O)c1cccc(C)c1
difenpiramide,O=C(Cc1ccc(-c2ccccc2)cc1)Nc1ccccn1
difloxacin,CN1CCN(c2cc3c(cc2F)c(=O)c(C(=O)O)cn3-c2ccc(F)cc2)CC1
difluprednate,CCCC(=O)OC1(C(=O)COC(C)=O)CCC2C3CC(F)C4=CC(=O)C=CC4(C)C3(F)C(O)CC21C
diftalone,O=C1c2ccccc2CN2C(=O)c3ccccc3CN12
dihydroartemisinin,CC1CCC2C(C)C(O)OC3OC4(C)CCC1C32OO4
dihydroergocristine,CC(C)C1(NC(=O)C2CC3c4cccc5[nH]cc(c45)CC3N(C)C2)OC2(O)C3CCCN3C(=O)C(Cc3ccccc3)N2C1=O
dihydrotachysterol,CC1CCC(O)CC1=CC=C1CCCC2(C)C1CCC2C(C)C=CC(C)C(C)C
dihydrotestosterone,CC12CCC3C(CCC4CC(=O)CCC43C)C1CCC2O
dihydroxyacetone,O=C(CO)CO
dilazep,COc1cc(C(=O)OCCCN2CCCN(CCCOC(=O)c3cc(OC)c(OC)c(OC)c3)CC2)cc(OC)c1OC
dimemorfan,Cc1ccc2c(c1)C13CCCCC1C(C2)N(C)CC3
dimethicone,C[Si](C)(C)O[Si](C)(C)C
dimethindene-(S)-(+);dimetindene,CC(C1=C(CCN(C)C)Cc2ccccc21)c1ccccn1
dimethisoquin,CCCCc1cc2ccccc2c(OCCN(C)C)n1
dimethyl-fumarate,COC(=O)C=CC(=O)OC
dimetridazole,Cc1ncc([N+](=O)[O-])n1C
dimpylate,CCOP(=S)(OCC)Oc1cc(C)nc(C(C)C)n1
dinoprost,CCCCCC(O)C=CC1C(O)CC(O)C1CC=CCCCC(=O)O
dipeptamin,CC(N)C(=O)NC(CCC(N)=O)C(=O)O
diphemanil,C[N+]1(C)CCC(=C(c2ccccc2)c2ccccc2)CC1
diphenidol,OC(CCCN1CCCCC1)(c1ccccc1)c1ccccc1
dipivefrine,CNCC(O)c1ccc(OC(=O)C(C)(C)C)c(OC(=O)C(C)(C)C)c1
DIPT,CC(C)N(CCc1c[nH]c2ccccc12)C(C)C
dipyrocetyl,CC(=O)Oc1cccc(C(=O)O)c1OC(C)=O
dithranol,Oc1cccc2cc3cccc(O)c3c(O)c12
divalproex-sodium;valproic-acid,CCCC(CCC)C(=O)O
docetaxel,CC(=O)OC12COC1CC(O)C1(C)C(=O)C(O)C3=C(C)C(OC(=O)C(O)C(NC(=O)OC(C)(C)C)c4ccccc4)CC(O)(C(OC(=O)c4ccccc4)C21)C3(C)C
doconexent,CCC=CCC=CCC=CCC=CCC=CCC=CCCC(=O)O
doconexent-ethyl-ester,CCC=CCC=CCC=CCC=CCC=CCC=CCCC(=O)OCC
docusate,CCCCC(CC)COC(=O)CC(C(=O)OCC(CC)CCCC)S(=O)(=O)O
dolasetron,O=C(OC1CC2CC3CC(C1)N2CC3=O)c1c[nH]c2ccccc12
dolutegravir,CC1CCOC2Cn3cc(C(=O)NCc4ccc(F)cc4F)c(=O)c(O)c3C(=O)N12
domperidone,O=c1[nH]c2ccccc2n1CCCN1CCC(n2c(=O)[nH]c3cc(Cl)ccc32)CC1
doramectin,COC1CC(OC2C(C)OC(OC3C(C)=CCC4CC(CC5(C=CC(C)C(C6CCCCC6)O5)O4)OC(=O)C4C=C(C)C(O)C5OCC(=CC=CC3C)C45O)CC2OC)OC(C)C1O
doripenem,CC(O)C1C(=O)N2C(C(=O)O)=C(SC3CNC(CNS(N)(=O)=O)C3)C(C)C12
dorzolamide,CCNC1CC(C)S(=O)(=O)c2sc(S(N)(=O)=O)cc21
doxapram,CCN1CC(CCN2CCOCC2)C(c2ccccc2)(c2ccccc2)C1=O
doxercalciferol,C=C1C(=CC=C2CCCC3(C)C2CCC3C(C)C=CC(C)C(C)C)CC(O)CC1O
doxofylline,Cn1c(=O)c2c(ncn2CC2OCCO2)n(C)c1=O
doxycycline;doxycycline-hyclate,CC1c2cccc(O)c2C(=O)C2C(=O)C3(O)C(=O)C(C(N)=O)C(=O)C(N(C)C)C3C(O)C21
dromostanolone-propionate,CCC(=O)OC1CCC2C3CCC4CC(=O)C(C)CC4(C)C3CCC12C
dronedarone,CCCCc1oc2ccc(NS(C)(=O)=O)cc2c1C(=O)c1ccc(OCCCN(CCCC)CCCC)cc1
drospirenone,CC12CCC(=O)C=C1C1CC1C1C2CCC2(C)C1C1CC1C21CCC(=O)O1
drotaverine,CCOc1ccc(C=C2NCCc3cc(OCC)c(OCC)cc32)cc1OCC
droxicam,CN1c2c(oc(=O)n(-c3ccccn3)c2=O)-c2ccccc2S1(=O)=O
droxidopa,NC(C(=O)O)C(O)c1ccc(O)c(O)c1
D-Serine,NC(CO)C(=O)O
dutasteride,CC12C=CC(=O)NC1CCC1C2CCC2(C)C(C(=O)Nc3cc(C(F)(F)F)ccc3C(F)(F)F)CCC12
dydrogesterone,CC(=O)C1CCC2C3C=CC4=CC(=O)CCC4(C)C3CCC12C
ebastine,CC(C)(C)c1ccc(C(=O)CCCN2CCC(OC(c3ccccc3)c3ccccc3)CC2)cc1
ecabet,CC(C)c1cc2c(cc1S(=O)(=O)O)C1(C)CCCC(C)(C(=O)O)C1CC2
ecamsule-triethanolamine,CC1(C)C2CCC1(CS(=O)(=O)O)C(=O)C2=Cc1ccc(C=C2C(=O)C3(CS(=O)(=O)O)CCC2C3(C)C)cc1
edoxaban,CN1CCc2nc(C(=O)NC3CC(C(=O)N(C)C)CCC3NC(=O)C(=O)Nc3ccc(Cl)cn3)sc2C1
efavirenz,O=C1Nc2ccc(Cl)cc2C(C#CC2CC2)(C(F)(F)F)O1
efinaconazole,C=C1CCN(C(C)C(O)(Cn2cncn2)c2ccc(F)cc2F)CC1
eflornithine,NCCCC(N)(C(=O)O)C(F)F
efonidipine-monoethanolate,CC1=C(C(=O)OCCN(Cc2ccccc2)c2ccccc2)C(c2cccc([N+](=O)[O-])c2)C(P2(=O)OCC(C)(C)CO2)=C(C)N1
elbasvir,COC(=O)NC(C(=O)N1CCCC1c1ncc(-c2ccc3c(c2)OC(c2ccccc2)n2c-3cc3cc(-c4cnc(C5CCCN5C(=O)C(NC(=O)OC)C(C)C)[nH]4)ccc32)[nH]1)C(C)C
eliglustat,CCCCCCCC(=O)NC(CN1CCCC1)C(O)c1ccc2c(c1)OCCO2
eltrombopag,CC1=NN(c2ccc(C)c(C)c2)C(=O)C1=NNc1cccc(-c2cccc(C(=O)O)c2)c1O
eluxadoline,COc1ccc(CN(C(=O)C(N)Cc2c(C)cc(C(N)=O)cc2C)C(C)c2ncc(-c3ccccc3)[nH]2)cc1C(=O)O
elvitegravir,COc1cc2c(cc1Cc1cccc(Cl)c1F)c(=O)c(C(=O)O)cn2C(CO)C(C)C
emedastine,CCOCCn1c(N2CCCN(C)CC2)nc2ccccc21
emorfazone,CCOc1c(N2CCOCC2)cnn(C)c1=O
empagliflozin,OCC1OC(c2ccc(Cl)c(Cc3ccc(OC4CCOC4)cc3)c2)C(O)C(O)C1O
emtricitabine,Nc1nc(=O)n(C2CSC(CO)O2)cc1F
enalaprilat,CC(NC(CCc1ccccc1)C(=O)O)C(=O)N1CCCC1C(=O)O
enasidenib,CC(C)(O)CNc1nc(Nc2ccnc(C(F)(F)F)c2)nc(-c2cccc(C(F)(F)F)n2)n1
enbucrilate,C=C(C#N)C(=O)OCCCC
enflurane,FC(F)OC(F)(F)C(F)Cl
enisamium-iodide,C[n+]1ccc(C(=O)NCc2ccccc2)cc1
enocitabine,CCCCCCCCCCCCCCCCCCCCCC(=O)Nc1ccn(C2OC(CO)C(O)C2O)c(=O)n1
enoximone,CSc1ccc(C(=O)c2[nH]c(O)nc2C)cc1
entacapone,CCN(CC)C(=O)C(C#N)=Cc1cc(O)c(O)c([N+](=O)[O-])c1
entecavir,C=C1C(CO)C(O)CC1n1cnc2c(=O)nc(N)[nH]c21
enzalutamide,CNC(=O)c1ccc(N2C(=S)N(c3ccc(C#N)c(C(F)(F)F)c3)C(=O)C2(C)C)cc1F
epalrestat,CC(=Cc1ccccc1)C=C1SC(=S)N(CC(=O)O)C1=O
eperisone,CCc1ccc(C(=O)C(C)CN2CCCCC2)cc1
epinastine,NC1=NCC2c3ccccc3Cc3ccccc3N12
epirizole,COc1cc(C)nc(-n2nc(C)cc2OC)n1
epitiostanol,CC12CCC3C(CCC4CC5SC5CC43C)C1CCC2O
eplerenone,COC(=O)C1CC2=CC(=O)CCC2(C)C23OC2CC2(C)C(CCC24CCC(=O)O4)C13
epomediol,CC1(C)OC2(C)C(O)CC1CC2O
epoprostenol,CCCCCC(O)C=CC1C(O)CC2OC(=CCCCC(=O)O)CC21
eprazinone,CCOC(CN1CCN(CC(C)C(=O)c2ccccc2)CC1)c1ccccc1
eprinomectin,CCC(C)C1OC2(C=CC1C)CC1CC(CC=C(C)C(OC3CC(OC)C(OC4CC(OC)C(NC(C)=O)C(C)O4)C(C)O3)C(C)C=CC=C3COC4C(O)C(C)=CC(C(=O)O1)C34O)O2
eprobemide,O=C(NCCCN1CCOCC1)c1ccc(Cl)cc1
eprosartan,CCCCc1ncc(C=C(Cc2cccs2)C(=O)O)n1Cc1ccc(C(=O)O)cc1
eptifibatide,N=C(N)NCCCCC1NC(=O)CCSSCC(C(N)=O)NC(=O)C2CCCN2C(=O)C(Cc2c[nH]c3ccccc23)NC(=O)C(CC(=O)O)NC(=O)CNC1=O
equol,Oc1ccc(C2COc3cc(O)ccc3C2)cc1
erdosteine,O=C(O)CSCC(=O)NC1CCSC1=O
erlotinib,C#Cc1cccc(Nc2ncnc3cc(OCCOC)c(OCCOC)cc23)c1
ertapenem,CC(O)C1C(=O)N2C(C(=O)O)=C(SC3CNC(C(=O)Nc4cccc(C(=O)O)c4)C3)C(C)C12
ertugliflozin,CCOc1ccc(Cc2cc(C34OCC(CO)(O3)C(O)C(O)C4O)ccc2Cl)cc1
erythritol,OCC(O)C(O)CO
erythromycin-estolate,CCC(=O)OC1C(OC2C(C)C(OC3CC(C)(OC)C(O)C(C)O3)C(C)C(=O)OC(CC)C(C)(O)C(O)C(C)C(=O)C(C)CC2(C)O)OC(C)CC1N(C)C
eslicarbazepine-acetate,CC(=O)OC1Cc2ccccc2N(C(N)=O)c2ccccc21
esmolol,COC(=O)CCc1ccc(OCC(O)CNC(C)C)cc1
esomeprazole,COc1ccc2[nH]c(S(=O)Cc3ncc(C)c(OC)c3C)nc2c1
estramustine,CC12CCC3c4ccc(OC(=O)N(CCCl)CCCl)cc4CCC3C1CCC2O
estramustine-phosphate,CC12CCC3c4ccc(OC(=O)N(CCCl)CCCl)cc4CCC3C1CCC2OP(=O)(O)O
estropipate,CC12CCC3c4ccc(OS(=O)(=O)O)cc4CCC3C1CCC2=O
etafenone,CCN(CC)CCOc1ccccc1C(=O)CCc1ccccc1
etamsylate,O=S(=O)(O)c1cc(O)ccc1O
ethacizin,CCOC(=O)Nc1ccc2c(c1)N(C(=O)CCN(CC)CC)c1ccccc1S2
ethenzamide,CCOc1ccccc1C(N)=O
ethionamide,CCc1cc(C(=N)S)ccn1
ethopabate,CCOc1cc(NC(C)=O)ccc1C(=O)OC
ethotoin,CCN1C(=O)NC(c2ccccc2)C1=O
etidronic-acid,CC(O)(P(=O)(O)O)P(=O)(O)O
etifoxine,CCNC1=Nc2ccc(Cl)cc2C(C)(c2ccccc2)O1
etilefrine,CCNCC(O)c1cccc(O)c1
etizolam,CCc1cc2c(s1)-n1c(C)nnc1CN=C2c1ccccc1Cl
etofenamate,O=C(OCCOCCO)c1ccccc1Nc1cccc(C(F)(F)F)c1
etofibrate,CC(C)(Oc1ccc(Cl)cc1)C(=O)OCCOC(=O)c1cccnc1
etofylline-clofibrate,Cn1c(=O)c2c(ncn2CCOC(=O)C(C)(C)Oc2ccc(Cl)cc2)n(C)c1=O
etonogestrel,C#CC1(O)CCC2C3CCC4=CC(=O)CCC4C3C(=C)CC21CC
etoposide-phosphate,COc1cc(C2c3cc4c(cc3C(OC3OC5COC(C)OC5C(O)C3O)C3COC(=O)C23)OCO4)cc(OC)c1OP(=O)(O)O
etoricoxib,Cc1ccc(-c2ncc(Cl)cc2-c2ccc(S(C)(=O)=O)cc2)cn1
etravirine,Cc1cc(C#N)cc(C)c1Oc1nc(Nc2ccc(C#N)cc2)nc(N)c1Br
eupatilin,COc1ccc(-c2cc(=O)c3c(O)c(OC)c(O)cc3o2)cc1OC
evans-blue,Cc1cc(-c2ccc(N=Nc3ccc4c(S(=O)(=O)O)cc(S(=O)(=O)O)c(N)c4c3O)c(C)c2)ccc1N=Nc1ccc2c(S(=O)(=O)O)cc(S(=O)(=O)O)c(N)c2c1O
everolimus,COC1CC2CCC(C)C(O)(O2)C(=O)C(=O)N2CCCCC2C(=O)OC(C(C)CC2CCC(OCCO)C(OC)C2)CC(=O)C(C)C=C(C)C(O)C(OC)C(=O)C(C)CC(C)C=CC=CC=C1C
exenatide,CCC(C)C(NC(=O)C(Cc1ccccc1)NC(=O)C(CC(C)C)NC(=O)C(CCCNC(=N)N)NC(=O)C(NC(=O)C(C)NC(=O)C(CCC(=O)O)NC(=O)C(CCC(=O)O)NC(=O)C(CCC(=O)O)NC(=O)C(CCSC)NC(=O)C(CCC(N)=O)NC(=O)C(CCCCN)NC(=O)C(CO)NC(=O)C(CC(C)C)NC(=O)C(CC(=O)O)NC(=O)C(CO)NC(=O)C(NC(=O)C(Cc1ccccc1)NC(=O)C(NC(=O)CNC(=O)C(CCC(=O)O)NC(=O)CNC(=O)C(N)Cc1c[nH]cn1)C(C)O)C(C)O)C(C)C)C(=O)NC(CCC(=O)O)C(=O)NC(Cc1c[nH]c2ccccc12)C(=O)NC(CC(C)C)C(=O)NC(CCCCN)C(=O)NC(CC(N)=O)C(=O)NCC(=O)NCC(=O)N1CCCC1C(=O)NC(CO)C(=O)NC(CO)C(=O)NCC(=O)NC(C)C(=O)N1CCCC1C(=O)N1CCCC1C(=O)N1CCCC1C(=O)NC(CO)C(=O)O
fadrozole,N#Cc1ccc(C2CCCc3cncn32)cc1
falecalcitriol,C=C1C(=CC=C2CCCC3(C)C2CCC3C(C)CCCC(O)(C(F)(F)F)C(F)(F)F)CC(O)CC1O
faropenem,CC(O)C1C(=O)N2C(C(=O)O)=C(C3CCCO3)SC12
faropenem-medoxomil,Cc1oc(=O)oc1COC(=O)C1=C(C2CCCO2)SC2C(C(C)O)C(=O)N12
fasudil,O=S(=O)(c1cccc2cnccc12)N1CCCNCC1
febuxostat,Cc1nc(-c2ccc(OCC(C)C)c(C#N)c2)sc1C(=O)O
felbamate,NC(=O)OCC(COC(N)=O)c1ccccc1
felbinac,O=C(O)Cc1ccc(-c2ccccc2)cc1
felbinac-ethyl,CCOC(=O)Cc1ccc(-c2ccccc2)cc1
felodipine,CCOC(=O)C1=C(C)NC(C)=C(C(=O)OC)C1c1cccc(Cl)c1Cl
fenigam,NCC(CC(=O)O)c1ccccc1
fenipentol,CCCCC(O)c1ccccc1
fenofibric-acid,CC(C)(Oc1ccc(C(=O)c2ccc(Cl)cc2)cc1)C(=O)O
fenoldopam,Oc1ccc(C2CNCCc3c2cc(O)c(O)c3Cl)cc1
fenoverine,O=C(CN1CCN(Cc2ccc3c(c2)OCO3)CC1)N1c2ccccc2Sc2ccccc21
fenthion,COP(=S)(OC)Oc1ccc(SC)c(C)c1
fentiazac,O=C(O)Cc1sc(-c2ccccc2)nc1-c1ccc(Cl)cc1
fenticonazole,Clc1ccc(C(Cn2ccnc2)OCc2ccc(Sc3ccccc3)cc2)c(Cl)c1
fesoterodine,CC(C)C(=O)Oc1ccc(CO)cc1C(CCN(C(C)C)C(C)C)c1ccccc1
fidaxomicin,CCc1c(Cl)c(O)c(Cl)c(O)c1C(=O)OC1C(C)OC(OCC2=CC=CCC(O)C(C)=CC(CC)C(OC3OC(C)(C)C(OC(=O)C(C)C)C(O)C3O)C(C)=CC(C)=CCC(C(C)O)OC2=O)C(OC)C1O
fimasartan,CCCCc1nc(C)c(CC(=S)N(C)C)c(=O)n1Cc1ccc(-c2ccccc2-c2nnn[nH]2)cc1
finafloxacin,N#Cc1c(N2CC3NCCOC3C2)c(F)cc2c(=O)c(C(=O)O)cn(C3CC3)c12
fingolimod,CCCCCCCCc1ccc(CCC(N)(CO)CO)cc1
flavoxate,Cc1c(-c2ccccc2)oc2c(C(=O)OCCN3CCCCC3)cccc2c1=O
flecainide,O=C(NCC1CCCCN1)c1cc(OCC(F)(F)F)ccc1OCC(F)(F)F
fleroxacin,CN1CCN(c2c(F)cc3c(=O)c(C(=O)O)cn(CCF)c3c2F)CC1
flibanserin,O=c1[nH]c2ccccc2n1CCN1CCN(c2cccc(C(F)(F)F)c2)CC1
floctafenine,O=C(OCC(O)CO)c1ccccc1Nc1ccnc2c(C(F)(F)F)cccc12
flubendazole,COC(=O)Nc1nc2cc(C(=O)c3ccc(F)cc3)ccc2[nH]1
flucloxacillin,Cc1onc(-c2c(F)cccc2Cl)c1C(=O)NC1C(=O)N2C1SC(C)(C)C2C(=O)O
flucytosine,Nc1nc(=O)[nH]cc1F
fludarabine,Nc1nc(F)nc2c1ncn2C1OC(CO)C(O)C1O
flumecinol,CCC(O)(c1ccccc1)c1cccc(C(F)(F)F)c1
flunixin-meglumin,Cc1c(Nc2ncccc2C(=O)O)cccc1C(F)(F)F
fluorometholone-acetate,CC(=O)OC1(C(C)=O)CCC2C3CC(C)C4=CC(=O)C=CC4(C)C3(F)C(O)CC21C
fluoromethylcholine,C[N+](C)(CF)CCO
fluoxymesterone,CC1(O)CCC2C3CCC4=CC(=O)CCC4(C)C3(F)C(O)CC21C
flupentixol,OCCN1CCN(CCC=C2c3ccccc3Sc3ccc(C(F)(F)F)cc32)CC1
fluphenazine-decanoate,CCCCCCCCCC(=O)OCCN1CCN(CCCN2c3ccccc3Sc3ccc(C(F)(F)F)cc32)CC1
flupirtine,CCOC(=O)Nc1ccc(NCc2ccc(F)cc2)nc1N
fluticasone-propionate,CCC(=O)OC1(C(=O)SCF)C(C)CC2C3CC(F)C4=CC(=O)C=CC4(C)C3(F)C(O)CC21C
flutrimazole,Fc1ccc(C(c2ccccc2)(c2ccccc2F)n2ccnc2)cc1
fluvoxamine,COCCCCC(=NOCCN)c1ccc(C(F)(F)F)cc1
folic-acid,Nc1nc(=O)c2nc(CNc3ccc(C(=O)NC(CCC(=O)O)C(=O)O)cc3)cnc2[nH]1
fomocaine,c1ccc(OCc2ccc(CCCN3CCOCC3)cc2)cc1
formestane,CC12CCC3C(CCC4C(=O)C(=O)CCC43C)C1CCC2=O
formoterol,COc1ccc(CC(C)NCC(O)c2ccc(O)c(NC=O)c2)cc1
fosamprenavir,CC(C)CN(CC(OP(=O)(O)O)C(Cc1ccccc1)NC(=O)OC1CCOC1)S(=O)(=O)c1ccc(N)cc1
fosaprepitant-dimeglumine,CC(OC1OCCN(Cc2nn(P(=O)(O)O)c(=O)[nH]2)C1c1ccc(F)cc1)c1cc(C(F)(F)F)cc(C(F)(F)F)c1
foscarnet,O=C(O)P(=O)(O)O
fosfestrol,CCC(=C(CC)c1ccc(OP(=O)(O)O)cc1)c1ccc(OP(=O)(O)O)cc1
fosfomycin,CC1OC1P(=O)(O)O
fosinopril,CCC(=O)OC(OP(=O)(CCCCc1ccccc1)CC(=O)N1CC(C2CCCCC2)CC1C(=O)O)C(C)C
fosinoprilat,O=C(O)C1CC(C2CCCCC2)CN1C(=O)CP(=O)(O)CCCCc1ccccc1
fosphenytoin,O=C1NC(c2ccccc2)(c2ccccc2)C(=O)N1COP(=O)(O)O
fostamatinib,COc1cc(Nc2ncc(F)c(Nc3ccc4c(n3)N(COP(=O)(O)O)C(=O)C(C)(C)O4)n2)cc(OC)c1OC
fotemustine,CCOP(=O)(OCC)C(C)NC(=O)N(CCCl)[N+][O-]
frovatriptan,CNC1CCc2[nH]c3ccc(C(N)=O)cc3c2C1
ftorafur,O=c1[nH]c(=O)n(C2CCCO2)cc1F
fudosteine,NC(CSCCCO)C(=O)O
fulvestrant,CC12CCC3c4ccc(O)cc4CC(CCCCCCCCCS(=O)CCCC(F)(F)C(F)(F)F)C3C1CCC2O
fumagillin,COC1C(OC(=O)C=CC=CC=CC=CC(=O)O)CCC2(CO2)C1C1(C)OC1CC=C(C)C
fursultiamine,CC(=C(CCO)SSCC1CCCO1)N(C=O)Cc1cnc(C)nc1N
gabapentin-enacarbil,CC(OC(=O)NCC1(CC(=O)O)CCCCC1)OC(=O)C(C)C
gabexate,CCOC(=O)c1ccc(OC(=O)CCCCCNC(=N)N)cc1
gadobutrol,O=C1CN2CCN3CCN(C(CO)C(O)CO)CCN(CC2)CC(=O)O[Gd](O1)OC(=O)C3
gadodiamide,CNC(=O)CN1CCN2CCN(CC(=O)NC)CC(=O)O[Gd](OC(=O)C2)OC(=O)C1
gadopentetic-acid,O=C(O)CN1CCN2CCN(CC(=O)O)CC(=O)O[Gd](OC(=O)C2)OC(=O)C1
gadoteridol,CC(O)CN1CCN2CCN3CCN(CC1)CC(=O)O[Gd](OC(=O)C3)OC(=O)C2
gallopamil,COc1ccc(CCN(C)CCCC(C#N)(c2cc(OC)c(OC)c(OC)c2)C(C)C)cc1OC
ganciclovir,Nc1nc2c(ncn2COC(CO)CO)c(=O)[nH]1
garenoxacin,CC1NCc2cc(-c3ccc4c(=O)c(C(=O)O)cn(C5CC5)c4c3OC(F)F)ccc21
gefitinib,COc1cc2ncnc(Nc3ccc(F)c(Cl)c3)c2cc1OCCCN1CCOCC1
gentamycin,CNC(C)C1CCC(N)C(OC2C(N)CC(N)C(OC3OCC(C)(O)C(NC)C3O)C2O)O1
gepefrine,CC(N)Cc1cccc(O)c1
gestodene,C#CC1(O)C=CC2C3CCC4=CC(=O)CCC4C3CCC21CC
gestrinone,C#CC1(O)CCC2C3CCC4=CC(=O)CCC4=C3C=CC21CC
gidazepam,NNC(=O)CN1C(=O)CN=C(c2ccccc2)c2cc(Br)ccc21
gimeracil,O=c1cc(O)c(Cl)c[nH]1
ginsenoside-rg3,CC(C)=CCCC(C)(O)C1CCC2(C)C1C(O)CC1C3(C)CCC(OC4OC(CO)C(O)C(O)C4OC4OC(CO)C(O)C(O)C4O)C(C)(C)C3CCC12C
glimepiride,CCC1=C(C)CN(C(=O)NCCc2ccc(S(=O)(=O)NC(=O)NC3CCC(C)CC3)cc2)C1=O
gliquidone,COc1ccc2c(c1)C(=O)N(CCc1ccc(S(=O)(=O)NC(=O)NC3CCCCC3)cc1)C(=O)C2(C)C
glucosamine,NC1C(O)OC(CO)C(O)C1O
gonadorelin,CC(C)CC(NC(=O)CNC(=O)C(Cc1ccc(O)cc1)NC(=O)C(CO)NC(=O)C(Cc1c[nH]c2ccccc12)NC(=O)C(Cc1c[nH]cn1)NC(=O)C1CCC(=O)N1)C(=O)NC(CCCNC(=N)N)C(=O)N1CCCC1C(=O)NCC(N)=O
goserelin-acetate,CC(C)CC(NC(=O)C(COC(C)(C)C)NC(=O)C(Cc1ccc(O)cc1)NC(=O)C(CO)NC(=O)C(Cc1c[nH]c2ccccc12)NC(=O)C(Cc1c[nH]cn1)NC(=O)C1CCC(=O)N1)C(=O)NC(CCCNC(=N)N)C(=O)N1CCCC1C(=O)NNC(N)=O
GR-235,CC=C1C(=O)CC2C3CCC4=CC(=O)CCC4(C)C3CCC12C
granisetron,CN1C2CCCC1CC(NC(=O)c1nn(C)c3ccccc13)C2
grapiprant,CCc1nc2c(C)nc(C)cc2n1-c1ccc(CCNC(=O)NS(=O)(=O)c2ccc(C)cc2)cc1
grazoprevir,C=CC1CC1(NC(=O)C1CC2CN1C(=O)C(C(C)(C)C)NC(=O)OC1CC1CCCCCc1nc3ccc(OC)cc3nc1O2)C(=O)NS(=O)(=O)C1CC1
guacetisal,COc1ccccc1OC(=O)c1ccccc1OC(C)=O
guaiacol,COc1ccccc1O
guanaben-acetate,N=C(N)NN=Cc1c(Cl)cccc1Cl
guanadrel,N=C(N)NCC1COC2(CCCCC2)O1
guanethidine,N=C(N)NCCN1CCCCCCC1
guanfacine,N=C(N)NC(=O)Cc1c(Cl)cccc1Cl
guanidine,N=C(N)N
halobetasol-propionate,CCC(=O)OC1(C(=O)CCl)C(C)CC2C3CC(F)C4=CC(=O)C=CC4(C)C3(F)C(O)CC21C
halofantrine,CCCCN(CCCC)CCC(O)c1cc2c(Cl)cc(Cl)cc2c2cc(C(F)(F)F)ccc12
halofuginone,O=C(CC1NCCCC1O)Cn1cnc2cc(Br)c(Cl)cc2c1=O
haloperidol-decanoate,CCCCCCCCCC(=O)OC1(c2ccc(Cl)cc2)CCN(CCCC(=O)c2ccc(F)cc2)CC1
haloprogin,Clc1cc(Cl)c(OCC#CI)cc1Cl
halothane,FC(F)(F)C(Cl)Br
hematoporphyrin,CC1=C(CCC(=O)O)c2cc3[nH]c(cc4nc(cc5[nH]c(cc1n2)c(C)c5C(C)O)C(C)=C4C(C)O)c(C)c3CCC(=O)O
hemin,C=CC1=C(C)c2cc3[nH]c(cc4nc(cc5[nH]c(cc1n2)c(C)c5C=C)C(C)=C4CCC(=O)O)c(CCC(=O)O)c3C
hemomex-s,CC(C)=CCCC(C)(O)C1CCC2(C)C1C(O)CC1C3(C)CCC(O)C(C)(C)C3C(O)CC12C
hetacillin,CC1(C)SC2C(N3C(=O)C(c4ccccc4)NC3(C)C)C(=O)N2C1C(=O)O
hexaminolevulinate,CCCCCCOC(=O)CCC(=O)CN
hexonic-acid;sodium-gluconate,O=C(O)C(O)C(O)C(O)C(O)CO
hexoprenaline,Oc1ccc(C(O)CNCCCCCCNCC(O)c2ccc(O)c(O)c2)cc1O
hexylcaine,CC(CNC1CCCCC1)OC(=O)c1ccccc1
histamine,NCCc1c[nH]cn1
homochlorcyclizine,CN1CCCN(C(c2ccccc2)c2ccc(Cl)cc2)CC1
hyaluronic-acid,CC(=O)NC1CC(O)C(CO)OC1OC1C(C(=O)O)OC(O)C(O)C1O
hydroxyamphetamine,CC(N)Cc1ccc(O)cc1
hydroxyprogesterone-acetate,CC(=O)OC1(C(C)=O)CCC2C3CCC4=CC(=O)CCC4(C)C3CCC21C
hydroxystilbamidine,N=C(N)c1ccc(C=Cc2ccc(C(=N)N)cc2O)cc1
ibandronate,CCCCCN(C)CCC(O)(P(=O)(O)O)P(=O)(O)O
ibrutinib,C=CC(=O)N1CCCC(n2nc(-c3ccc(Oc4ccccc4)cc3)c3c(N)ncnc32)C1
ibudilast,CC(C)C(=O)c1c(C(C)C)nn2ccccc12
ibuprofen-piconol,CC(C)Cc1ccc(C(C)C(=O)OCc2ccccn2)cc1
ibuproxam,CC(C)Cc1ccc(C(C)C(=O)NO)cc1
ibutilide,CCCCCCCN(CC)CCCC(O)c1ccc(NS(C)(=O)=O)cc1
icatibant-acetate,N=C(N)NCCCC(N)C(=O)NC(CCCNC(=N)N)C(=O)N1CCCC1C(=O)N1CC(O)CC1C(=O)NCC(=O)NC(Cc1cccs1)C(=O)NC(CO)C(=O)N1Cc2ccccc2CC1C(=O)N1C(C(=O)NC(CCCNC(=N)N)C(=O)O)CC2CCCCC21
icosapent,CCC=CCC=CCC=CCC=CCC=CCCCC(=O)O
icotinib,C#Cc1cccc(Nc2ncnc3cc4c(cc23)OCCOCCOCCO4)c1
idarubicin,CC(=O)C1(O)Cc2c(O)c3c(c(O)c2C(OC2CC(N)C(O)C(C)O2)C1)C(=O)c1ccccc1C3=O
idelalisib,CCC(Nc1ncnc2[nH]cnc12)c1nc2cccc(F)c2c(=O)n1-c1ccccc1
iguratimod,CS(=O)(=O)Nc1cc2occ(NC=O)c(=O)c2cc1Oc1ccccc1
iloperidone,COc1cc(C(C)=O)ccc1OCCCN1CCC(c2noc3cc(F)ccc23)CC1
iloprost,CC#CCC(C)C(O)C=CC1C(O)CC2CC(=CCCCC(=O)O)CC21
imidacloprid,O=[N+]([O-])NC1=NCCN1Cc1ccc(Cl)nc1
imidafenacin,Cc1nccn1CCC(C(N)=O)(c1ccccc1)c1ccccc1
imidapril,CCOC(=O)C(CCc1ccccc1)NC(C)C(=O)N1C(=O)N(C)CC1C(=O)O
imipenem,CC(O)C1C(=O)N2C(C(=O)O)=C(SCCNC=N)CC12
imiquimod,CC(C)Cn1cnc2c(N)nc3ccccc3c21
indacaterol,CCc1cc2c(cc1CC)CC(NCC(O)c1ccc(O)c3[nH]c(=O)ccc13)C2
indinavir,CC(C)(C)NC(=O)C1CN(Cc2cccnc2)CCN1CC(O)CC(Cc1ccccc1)C(=O)NC1c2ccccc2CC1O
indobufen,CCC(C(=O)O)c1ccc(N2Cc3ccccc3C2=O)cc1
indocyanine-green,CC1(C)C(=CC=CC=CC=CC2=[N+](CCCCS(=O)(=O)O)c3ccc4ccccc4c3C2(C)C)N(CCCCS(=O)(=O)O)c2ccc3ccccc3c21
indoramin,O=C(NC1CCN(CCc2c[nH]c3ccccc23)CC1)c1ccccc1
ingenol-mebutate,CC=C(C)C(=O)OC1C(C)=CC23C(=O)C(C=C(CO)C(O)C12O)C1C(CC3C)C1(C)C
inimur,CSCC1CN(N=Cc2ccc([N+](=O)[O-])o2)C(=O)O1
inosine,OCC1OC(n2cnc3c(O)ncnc32)C(O)C1O
inositol-hexanicotinate,O=C(OC1C(OC(=O)c2cccnc2)C(OC(=O)c2cccnc2)C(OC(=O)c2cccnc2)C(OC(=O)c2cccnc2)C1OC(=O)c1cccnc1)c1cccnc1
INS316;uridine-5'-triphosphate,O=c1ccn(C2OC(COP(=O)(O)OP(=O)(O)OP(=O)(O)O)C(O)C2O)c(=O)[nH]1
INT-747;obeticholic-acid,CCC1C(O)C2C3CCC(C(C)CCC(=O)O)C3(C)CCC2C2(C)CCC(O)CC12
iobenguane,N=C(N)NCc1cccc(I)c1
iocetamic-acid,CC(=O)N(CC(C)C(=O)O)c1c(I)cc(I)c(N)c1I
iodixanol,CC(=O)N(CC(O)CN(C(C)=O)c1c(I)c(C(=O)NCC(O)CO)c(I)c(C(=O)NCC(O)CO)c1I)c1c(I)c(C(=O)NCC(O)CO)c(I)c(C(=O)NCC(O)CO)c1I
iohexol,CC(=O)N(CC(O)CO)c1c(I)c(C(=O)NCC(O)CO)c(I)c(C(=O)NCC(O)CO)c1I
iopamidol,CC(O)C(=O)Nc1c(I)c(C(=O)NC(CO)CO)c(I)c(C(=O)NC(CO)CO)c1I
iopodic-acid,CN(C)C=Nc1c(I)cc(I)c(CCC(=O)O)c1I
iopromide,COCC(=O)Nc1c(I)c(C(=O)NCC(O)CO)c(I)c(C(=O)N(C)CC(O)CO)c1I
ioversol,O=C(NCC(O)CO)c1c(I)c(C(=O)NCC(O)CO)c(I)c(N(CCO)C(=O)CO)c1I
ioxaglic-acid,CNC(=O)c1c(I)c(C(=O)NCC(=O)Nc2c(I)c(C(=O)O)c(I)c(C(=O)NCCO)c2I)c(I)c(N(C)C(C)=O)c1I
ioxilan,CC(=O)N(CC(O)CO)c1c(I)c(C(=O)NCCO)c(I)c(C(=O)NCC(O)CO)c1I
ipragliflozin-l-proline,OCC1OC(c2ccc(F)c(Cc3cc4ccccc4s3)c2)C(O)C(O)C1O
irbesartan,CCCCC1=NC2(CCCC2)C(=O)N1Cc1ccc(-c2ccccc2-c2nnn[nH]2)cc1
irinotecan,CCc1c2c(nc3ccc(OC(=O)N4CCC(N5CCCCC5)CC4)cc13)-c1cc3c(c(=O)n1C2)COC(=O)C3(O)CC
irsogladine,Nc1nc(N)nc(-c2cc(Cl)ccc2Cl)n1
isepamicin,CNC1C(O)C(OC2C(NC(=O)C(O)CN)CC(N)C(OC3OC(CN)C(O)C(O)C3O)C2O)OCC1(C)O
isocarboxazid,Cc1cc(C(=O)NNCc2ccccc2)no1
isoconazole,Clc1ccc(C(Cn2ccnc2)OCc2c(Cl)cccc2Cl)c(Cl)c1
isoflurane,FC(F)OC(Cl)C(F)(F)F
isoflurophate,CC(C)OP(=O)(F)OC(C)C
isoleucine,CCC(C)C(N)C(=O)O
isometheptene-mucate,CNC(C)CCC=C(C)C
isopentyl-4-methoxycinnamate,COc1ccc(C=CC(=O)OCCC(C)C)cc1
isopropyl-myristate,CCCCCCCCCCCCCC(=O)OC(C)C
isopropyl-palmitate,CCCCCCCCCCCCCCCC(=O)OC(C)C
isosorbide,OC1COC2C(O)COC12
isradipine,COC(=O)C1=C(C)NC(C)=C(C(=O)OC(C)C)C1c1cccc2nonc12
istradefylline,CCn1c(=O)c2c(nc(C=Cc3ccc(OC)c(OC)c3)n2C)n(CC)c1=O
itopride,COc1ccc(C(=O)NCc2ccc(OCCN(C)C)cc2)cc1OC
ivabradine,COc1cc2c(cc1OC)CC(=O)N(CCCN(C)CC1Cc3cc(OC)c(OC)cc31)CC2
ivacaftor,CC(C)(C)c1cc(C(C)(C)C)c(NC(=O)c2c[nH]c3ccccc3c2=O)cc1O
ivosidenib,N#Cc1ccnc(N2C(=O)CCC2C(=O)N(c2cncc(F)c2)C(C(=O)NC2CC(F)(F)C2)c2ccccc2Cl)c1
ixabepilone,CC(=Cc1csc(C)n1)C1CC2OC2(C)CCCC(C)C(O)C(C)C(=O)C(C)(C)C(O)CC(=O)N1
ixazomib,CC(C)CC(NC(=O)CNC(=O)c1cc(Cl)ccc1Cl)B(O)O
ixazomib-citrate,CC(C)CC(NC(=O)CNC(=O)c1cc(Cl)ccc1Cl)B1OC(=O)CC(CC(=O)O)(C(=O)O)O1
josamycin,COC1C(OC(C)=O)CC(=O)OC(C)CC=CC=CC(O)C(C)CC(CC=O)C1OC1OC(C)C(OC2CC(C)(OC(=O)CC(C)C)C(O)C(C)O2)C(N(C)C)C1O
ketorolac,O=C(c1ccccc1)c1ccc2n1CCC2C(=O)O
kinetin,c1coc(CNc2ncnc3[nH]cnc23)c1
lacidipine,CCOC(=O)C1=C(C)NC(C)=C(C(=O)OCC)C1c1ccccc1C=CC(=O)OC(C)(C)C
lacosamide,COCC(NC(C)=O)C(=O)NCc1ccccc1
lafutidine,O=C(CS(=O)Cc1ccco1)NCC=CCOc1cc(CN2CCCCC2)ccn1
lamivudine,Nc1ccn(C2CSC(CO)O2)c(=O)n1
landiolol,CC1(C)OCC(COC(=O)CCc2ccc(OCC(O)CNCCNC(=O)N3CCOCC3)cc2)O1
lanoconazole,N#CC(=C1SCC(c2ccccc2Cl)S1)n1ccnc1
lapatinib,CS(=O)(=O)CCNCc1ccc(-c2ccc3ncnc(Nc4ccc(OCc5cccc(F)c5)c(Cl)c4)c3c2)o1
L-Arginine,N=C(N)NCCCC(N)C(=O)O
laropiprant,CS(=O)(=O)c1cc(F)cc2c3c(n(Cc4ccc(Cl)cc4)c12)C(CC(=O)O)CC3
lasalocid,CCC(C(=O)C(C)C(O)C(C)CCc1ccc(C)c(O)c1C(=O)O)C1OC(CC)(C2CCC(O)(CC)C(C)O2)CC1C
lasofoxifene,Oc1ccc2c(c1)CCC(c1ccccc1)C2c1ccc(OCCN2CCCC2)cc1
L-Aspartic-Acid,NC(CC(=O)O)C(=O)O
latanoprost,CC(C)OC(=O)CCCC=CCC1C(O)CC(O)C1CCC(O)CCc1ccccc1
L-cysteine,NC(CS)C(=O)O
L-Cystine,NC(CSSCC(N)C(=O)O)C(=O)O
ledipasvir,COC(=O)NC(C(=O)N1CC2(CC2)CC1c1ncc(-c2ccc3c(c2)C(F)(F)c2cc(-c4ccc5nc(C6C7CCC(C7)N6C(=O)C(NC(=O)OC)C(C)C)[nH]c5c4)ccc2-3)[nH]1)C(C)C
leflunomide,Cc1oncc1C(=O)Nc1ccc(C(F)(F)F)cc1
lenalidomide,Nc1cccc2c1CN(C1CCC(=O)NC1=O)C2=O
lenvatinib,COc1cc2nccc(Oc3ccc(NC(=O)NC4CC4)c(Cl)c3)c2cc1C(N)=O
lesinurad,O=C(O)CSc1nnc(Br)n1-c1ccc(C2CC2)c2ccccc12
letosteine,CCOC(=O)CSCCC1NC(C(=O)O)CS1
letrozole,N#Cc1ccc(C(c2ccc(C#N)cc2)n2cncn2)cc1
leuprolide,CCNC(=O)C1CCCN1C(=O)C(CCCNC(=N)N)NC(=O)C(CC(C)C)NC(=O)C(CC(C)C)NC(=O)C(Cc1ccc(O)cc1)NC(=O)C(CO)NC(=O)C(Cc1c[nH]c2ccccc12)NC(=O)C(Cc1c[nH]cn1)NC(=O)C1CCC(=O)N1
levallorphan,C=CCN1CCC23CCCCC2C1Cc1ccc(O)cc13
levetiracetam,CCC(C(N)=O)N1CCCC1=O
levobunolol;levobunolol-(+);levobunolol-(+/-),CC(C)(C)NCC(O)COc1cccc2c1CCCC2=O
levocabastine,CC1CN(C2CCC(C#N)(c3ccc(F)cc3)CC2)CCC1(C(=O)O)c1ccccc1
levocarnitine-propionate,CCC(=O)OC(CC(=O)O)C[N+](C)(C)C
levomenol,CC(C)=CCCC(C)(O)C1CC=C(C)CC1
levomepromazine,COc1ccc2c(c1)N(CC(C)CN(C)C)c1ccccc1S2
levo-phencynonate,CN1CC2CCCC(C1)C2OC(=O)C(O)(c1ccccc1)C1CCCC1
levopropoxyphene,CCC(=O)OC(Cc1ccccc1)(c1ccccc1)C(C)CN(C)C
levosimendan,CC1CC(=O)NN=C1c1ccc(NN=C(C#N)C#N)cc1
levothyroxine,NC(Cc1cc(I)c(Oc2cc(I)c(O)c(I)c2)c(I)c1)C(=O)O
L-glutamic-acid,NC(CCC(=O)O)C(=O)O
L-Hydroxyproline,O=C(O)C1CC(O)CN1
lidamidine,CNC(=N)NC(=O)Nc1c(C)cccc1C
lidoflazine,Cc1cccc(C)c1NC(=O)CN1CCN(CCCC(c2ccc(F)cc2)c2ccc(F)cc2)CC1
limaprost-alfadex,CCCCC(C)CC(O)C=CC1C(O)CC(=O)C1CCCCC=CC(=O)O
linaclotide,CC1NC(=O)C2CCCN2C(=O)C(CC(N)=O)NC(=O)C2CSSCC(N)C(=O)NC3CSSCC(NC1=O)C(=O)NC(C(C)O)C(=O)NCC(=O)NC(C(=O)NC(Cc1ccc(O)cc1)C(=O)O)CSSCC(NC(=O)C(Cc1ccc(O)cc1)NC(=O)C(CCC(=O)O)NC3=O)C(=O)N2
linagliptin,CC#CCn1c(N2CCCC(N)C2)nc2c1c(=O)n(Cc1nc(C)c3ccccc3n1)c(=O)n2C
linezolid,CC(=O)NCC1CN(c2ccc(N3CCOCC3)c(F)c2)C(=O)O1
linsidomine,Nc1c[n+](N2CCOCC2)no1
liraglutide,CCCCCCCCCCCCCCCC(=O)NC(CCC(=O)NCCCCC(NC(=O)C(C)NC(=O)C(C)NC(=O)C(CCC(N)=O)NC(=O)CNC(=O)C(CCC(=O)O)NC(=O)C(CC(C)C)NC(=O)C(Cc1ccc(O)cc1)NC(=O)C(CO)NC(=O)C(CO)NC(=O)C(NC(=O)C(CC(=O)O)NC(=O)C(CO)NC(=O)C(NC(=O)C(Cc1ccccc1)NC(=O)C(NC(=O)CNC(=O)C(CCC(=O)O)NC(=O)C(C)NC(=O)C(N)Cc1cnc[nH]1)C(C)O)C(C)O)C(C)C)C(=O)NC(CCC(=O)O)C(=O)NC(Cc1ccccc1)C(=O)NC(C(=O)NC(C)C(=O)NC(Cc1c[nH]c2ccccc12)C(=O)NC(CC(C)C)C(=O)NC(C(=O)NC(CCCNC(=N)N)C(=O)NCC(=O)NC(CCCNC(=N)N)C(=O)NCC(=O)O)C(C)C)C(C)CC)C(=O)O
liranaftate,COc1cccc(N(C)C(=S)Oc2ccc3c(c2)CCCC3)n1
lisadimate,Nc1ccc(C(=O)OCC(O)CO)cc1
lisuride,CCN(CC)C(=O)NC1C=C2c3cccc4[nH]cc(c34)CC2N(C)C1
L-methionine;methionine,CSCCC(N)C(=O)O
lobenzarit,O=C(O)c1ccccc1Nc1cc(Cl)ccc1C(=O)O
lodoxamide,N#Cc1cc(NC(=O)C(=O)O)c(Cl)c(NC(=O)C(=O)O)c1
lofepramine,CN(CCCN1c2ccccc2CCc2ccccc21)CC(=O)c1ccc(Cl)cc1
lofexidine,CC(Oc1c(Cl)cccc1Cl)C1=NCCN1
lomerizine,COc1ccc(CN2CCN(C(c3ccc(F)cc3)c3ccc(F)cc3)CC2)c(OC)c1OC
lomitapide,O=C(NC1CCN(CCCCC2(C(=O)NCC(F)(F)F)c3ccccc3-c3ccccc32)CC1)c1ccccc1-c1ccc(C(F)(F)F)cc1
lomustine,O=C(NC1CCCCC1)N(CCCl)[N+][O-]
lonidamine,O=C(O)c1nn(Cc2ccc(Cl)cc2Cl)c2ccccc12
loracarbef,NC(C(=O)NC1C(=O)N2C(C(=O)O)=C(Cl)CCC12)c1ccccc1
lorazepam,O=C1Nc2ccc(Cl)cc2C(c2ccccc2Cl)=NC1O
lorcaserin,CC1CNCCc2ccc(Cl)cc21
lornoxicam,CN1C(C(=O)Nc2ccccn2)C(=O)c2sc(Cl)cc2S1(=O)=O
losartan,CCCCc1nc(Cl)c(CO)n1Cc1ccc(-c2ccccc2-c2nnn[nH]2)cc1
loteprednol,CCOC(=O)OC1(C(=O)OCCl)CCC2C3CCC4=CC(=O)C=CC4(C)C3C(O)CC21C
loxoprofen,CC(C(=O)O)c1ccc(CC2CCCC2=O)cc1
L-proline,O=C(O)C1CCCN1
lubiprostone,CCCCC(F)(F)C(=O)CCC1C(O)CC(=O)C1CCCCCCC(=O)O
luliconazole,N#CC(=C1SCC(c2ccc(Cl)cc2Cl)S1)n1ccnc1
lumacaftor,Cc1ccc(NC(=O)C2(c3ccc4c(c3)OC(F)(F)O4)CC2)nc1-c1cccc(C(=O)O)c1
lumefantrine,CCCCN(CCCC)CC(O)c1cc(Cl)cc2c1-c1ccc(Cl)cc1C2=Cc1ccc(Cl)cc1
lurasidone,O=C1C2C3CCC(C3)C2C(=O)N1CC1CCCCC1CN1CCN(c2nsc3ccccc23)CC1
lutein,CC(C=CC=C(C)C=CC1=C(C)CC(O)CC1(C)C)=CC=CC=C(C)C=CC=C(C)C=CC1C(C)=CC(O)CC1(C)C
lymecycline,CN(C)C1C(=O)C(C(=O)NCNCCCCC(N)C(=O)O)C(=O)C2(O)C(=O)C3C(=O)c4c(O)cccc4C(C)(O)C3CC12
lynestrenol,C#CC1(O)CCC2C3CCC4=CCCCC4C3CCC21C
lypressin,NCCCCC(NC(=O)C1CCCN1C(=O)C1CSSCC(N)C(=O)NC(Cc2ccc(O)cc2)C(=O)NC(Cc2ccccc2)C(=O)NC(CCC(N)=O)C(=O)NC(CC(N)=O)C(=O)N1)C(=O)NCC(N)=O
mabuprofen,CC(C)Cc1ccc(C(C)C(=O)NCCO)cc1
mabuterol,CC(C)(C)NCC(O)c1cc(Cl)c(N)c(C(F)(F)F)c1
macitentan,CCCNS(=O)(=O)Nc1ncnc(OCCOc2ncc(Br)cn2)c1-c1ccc(Br)cc1
malathion,CCOC(=O)CC(SP(=S)(OC)OC)C(=O)OCC
malic-acid,O=C(O)CC(O)C(=O)O
malotilate,CC(C)OC(=O)C(C(=O)OC(C)C)=C1SC=CS1
mandelic-acid,O=C(O)C(O)c1ccccc1
mangafodipir,Cc1nc(COP(=O)(O)O)cc2c1O[Mn]Oc1c(cc(COP(=O)(O)O)nc1C)CN(CC(=O)O)CCN(CC(=O)O)C2
manidipine,COC(=O)C1=C(C)NC(C)=C(C(=O)OCCN2CCN(C(c3ccccc3)c3ccccc3)CC2)C1c1cccc([N+](=O)[O-])c1
maraviroc,Cc1nnc(C(C)C)n1C1CC2CCC(C1)N2CCC(NC(=O)C1CCC(F)(F)CC1)c1ccccc1
marbofloxacin,CN1CCN(c2c(F)cc3c(=O)c(C(=O)O)cn4c3c2OCN4C)CC1
maropitant,COc1ccc(C(C)(C)C)cc1CNC1C2CCN(CC2)C1C(c1ccccc1)c1ccccc1
masitinib,Cc1ccc(NC(=O)c2ccc(CN3CCN(C)CC3)cc2)cc1Nc1nc(-c2cccnc2)cs1
masoprocol,CC(Cc1ccc(O)c(O)c1)C(C)Cc1ccc(O)c(O)c1
maxacalcitol,C=C1C(=CC=C2CCCC3(C)C2CCC3C(C)OCCC(C)(C)O)CC(O)CC1O
mazindol,OC1(c2ccc(Cl)cc2)c2ccccc2C2=NCCN21
"mebhydrolin;mebhydroline-1,5-naphtalenedisulfonate",CN1CCc2c(c3ccccc3n2Cc2ccccc2)C1
mebicar,CN1C(=O)N(C)C2C1N(C)C(=O)N2C
mebrofenin,Cc1cc(C)c(NC(=O)CN(CC(=O)O)CC(=O)O)c(C)c1Br
meclocycline-sulfosalicylate,C=C1c2c(Cl)ccc(O)c2C(=O)C2C(=O)C3(O)C(=O)C(C(N)=O)C(=O)C(N(C)C)C3C(O)C12
meclofenamic-acid,Cc1ccc(Cl)c(Nc2ccccc2C(=O)O)c1Cl
medetomidine,Cc1cccc(C(C)c2c[nH]cn2)c1C
medronic-acid,O=P(O)(O)CP(=O)(O)O
medroxyprogesterone,CC(=O)C1(O)CCC2C3CC(C)C4=CC(=O)CCC4(C)C3CCC21C
meglumine,CNCC(O)C(O)C(O)C(O)CO
meglutol,CC(O)(CC(=O)O)CC(=O)O
meldonium,C[N+](C)(C)NCCC(=O)O
melevodopa,COC(=O)C(N)Cc1ccc(O)c(O)c1
meloxicam,Cc1cnc(NC(=O)C2C(=O)c3ccccc3S(=O)(=O)N2C)s1
melperone,CC1CCN(CCCC(=O)c2ccc(F)cc2)CC1
menbutone,COc1ccc(C(=O)CCC(=O)O)c2ccccc12
mephenytoin,CCC1(c2ccccc2)NC(=O)N(C)C1=O
meprednisone,CC1CC2C3CCC4=CC(=O)CCC4(C)C3C(=O)CC2(C)C1(O)C(=O)CO
meprednisone,CC1CC2C3CCC4=CC(=O)C=CC4(C)C3C(=O)CC2(C)C1(O)C(=O)CO
meprobamate,CCCC(C)(COC(N)=O)COC(N)=O
meptazinol,CCC1(c2cccc(O)c2)CCCCN(C)C1
mequinol,COc1ccc(O)cc1
merbromin,O=C(O)c1ccccc1-c1c2cc(Br)c(=O)cc-2oc2c([Hg]O)c(O)c(Br)cc12
mercaptosuccinic-acid,O=C(O)CC(S)C(=O)O
meropenem,CC(O)C1C(=O)N2C(C(=O)O)=C(SC3CNC(C(=O)N(C)C)C3)C(C)C12
mesna,O=S(=O)(O)CCS
mesoridazine,CN1CCCCC1CCN1c2ccccc2Sc2ccc(S(C)=O)cc21
metacresol,Cc1cccc(O)c1
metafolin,CN1c2c(nc(N)[nH]c2=O)NCC1CNc1ccc(C(=O)NC(CCC(=O)O)C(=O)O)cc1
metformin,CN(C)C(=N)NC(=N)N
methacycline,C=C1c2cccc(O)c2C(=O)C2C(=O)C3(O)C(=O)C(C(N)=O)C(=O)C(N(C)C)C3C(O)C12
methantheline,CC[N+](C)(CC)CCOC(=O)C1c2ccccc2Oc2ccccc21
metharbital,CCC1(CC)C(=O)NC(=O)N(C)C1=O
methicillin,COc1cccc(OC)c1C(=O)NC1C(=O)N2C1SC(C)(C)C2C(=O)O
methoxyflurane,COC(F)(F)C(Cl)Cl
methoxyphenamine,CNC(C)Cc1ccccc1OC
methsuximide,CN1C(=O)CC(C)(c2ccccc2)C1=O
methyclothiazide,CN1C(CCl)Nc2cc(Cl)c(S(N)(=O)=O)cc2S1(=O)=O
methyl-aminolevulinate,COC(=O)CCC(=O)CN
methylene-blue,CN(C)c1ccc2nc3ccc(N(C)C)cc3[s+]c2c1
methylnaltrexone,C[N+]1(CC2CC2)CCC23c4c5ccc(O)c4OC2C(=O)CCC3(O)C1C5
methylparaben,COC(=O)c1ccc(O)cc1
methylprednisolone-aceponate,CCC(=O)OC1(C(=O)COC(C)=O)CCC2C3CC(C)C4=CC(=O)C=CC4(C)C3C(O)CC21C
methylprednisolone-sodium-succinate,CC1CC2C(C(O)CC3(C)C2CCC3(O)C(=O)COC(=O)CCC(=O)O)C2(C)C=CC(=O)C=C12
methyl-salicylate,COC(=O)c1ccccc1O
metirosine,CC(N)(Cc1ccc(O)cc1)C(=O)O
metixene,CN1CCCC(CC2c3ccccc3Sc3ccccc32)C1
metocurine,COc1ccc2cc1Oc1cc3c(cc1OC)CC[N+](C)(C)C3Cc1ccc(cc1)Oc1c(OC)c(OC)cc3c1C(C2)[N+](C)(C)CC3
metoxibutropate,COc1ccccc1OC(=O)C(C)c1ccc(CC(C)C)cc1
metrizamide,CC(=O)Nc1c(I)c(C(=O)NC2C(O)OC(CO)C(O)C2O)c(I)c(N(C)C(C)=O)c1I
metrizoic-acid,CC(=O)Nc1c(I)c(C(=O)O)c(I)c(N(C)C(C)=O)c1I
metyrapone,CC(C)(C(=O)c1cccnc1)c1cccnc1
mezlocillin,CC1(C)SC2C(NC(=O)C(NC(=O)N3CCN(S(C)(=O)=O)C3=O)c3ccccc3)C(=O)N2C1C(=O)O
micafungin,CCCCCOc1ccc(-c2cc(-c3ccc(C(=O)NC4CC(O)C(O)NC(=O)C5C(O)C(C)CN5C(=O)C(C(O)CC(N)=O)NC(=O)C(C(O)C(O)c5ccc(O)c(OS(=O)(=O)O)c5)NC(=O)C5CC(O)CN5C(=O)C(C(C)O)NC4=O)cc3)no2)cc1
micronomicin,CNCC1CCC(N)C(OC2C(N)CC(N)C(OC3OCC(C)(O)C(NC)C3O)C2O)O1
midecamycin,CCC(=O)OC1CC(=O)OC(C)CC=CC=CC(O)C(C)CC(CC=O)C(OC2OC(C)C(OC3CC(C)(O)C(OC(=O)CC)C(C)O3)C(N(C)C)C2O)C1OC
midostaurin,COC1C(N(C)C(=O)c2ccccc2)CC2OC1(C)n1c3ccccc3c3c4c(c5c6ccccc6n2c5c31)C(=O)NC4
mifepristone,CC#CC1(O)CCC2C3CCC4=CC(=O)CCC4=C3C(c3ccc(N(C)C)cc3)CC21C
miglustat,CCCCN1CC(O)C(O)C(O)C1CO
milnacipran,CCN(CC)C(=O)C1(c2ccccc2)CC1CN
milrinone,Cc1[nH]c(=O)c(C#N)cc1-c1ccncc1
miltefosine,CCCCCCCCCCCCCCCCOP(=O)(O)OCC[N+](C)(C)C
minocycline,CN(C)c1ccc(O)c2c1CC1CC3C(N(C)C)C(=O)C(C(N)=O)C(=O)C3(O)C(=O)C1C2=O
minodronic-acid,O=P(O)(O)C(O)(Cc1cnc2ccccn12)P(=O)(O)O
minoxidil,Nc1cc(N2CCCCC2)nc(N)[n+]1[O-]
miocamycin,CCC(=O)OC1CC(=O)OC(C)CC=CC=CC(OC(C)=O)C(C)CC(CC=O)C(OC2OC(C)C(OC3CC(C)(OC(C)=O)C(OC(=O)CC)C(C)O3)C(N(C)C)C2O)C1OC
mirabegron,Nc1nc(CC(=O)Nc2ccc(CCNCC(O)c3ccccc3)cc2)cs1
mirodenafil,CCCOc1ccc(S(=O)(=O)N2CCN(CCO)CC2)cc1-c1nc2c(CCC)cn(CC)c2c(=O)[nH]1
mirtazapine,CN1CCN2c3ncccc3Cc3ccccc3C2C1
misoprostol,CCCCC(C)(O)CC=CC1C(O)CC(=O)C1CCCCCCC(=O)OC
mitiglinide,O=C(O)C(CC(=O)N1CC2CCCCC2C1)Cc1ccccc1
mivacurium,COc1cc2c(cc1OC)C(Cc1cc(OC)c(OC)c(OC)c1)[N+](C)(CCCOC(=O)CCC=CCCC(=O)OCCC[N+]1(C)CCc3cc(OC)c(OC)cc3C1Cc1cc(OC)c(OC)c(OC)c1)CC2
mizolastine,CN(c1nccc(=O)[nH]1)C1CCN(c2nc3ccccc3n2Cc2ccc(F)cc2)CC1
mizoribine,NC(=O)c1ncn(C2OC(CO)C(O)C2O)c1O
moclobemide,O=C(NCCN1CCOCC1)c1ccc(Cl)cc1
moexipril,CCOC(=O)C(CCc1ccccc1)NC(C)C(=O)N1Cc2cc(OC)c(OC)cc2CC1C(=O)O
mofezolac,COc1ccc(-c2noc(CC(=O)O)c2-c2ccc(OC)cc2)cc1
molindone,CCc1c(C)[nH]c2c1C(=O)C(CN1CCOCC1)CC2
molsidomine,CCOC(=O)Nc1c[n+](N2CCOCC2)no1
mometasone,CC1CC2C3CCC4=CC(=O)C=CC4(C)C3(Cl)C(O)CC2(C)C1(O)C(=O)CCl
mometasone-furoate,CC1CC2C3CCC4=CC(=O)C=CC4(C)C3(Cl)C(O)CC2(C)C1(OC(=O)c1ccco1)C(=O)CCl
monobenzone,Oc1ccc(OCc2ccccc2)cc1
monosodium-alpha-luminol,Nc1cccc2c(=O)[nH][nH]c(=O)c12
montelukast,CC(C)(O)c1ccccc1CCC(SCC1(CC(=O)O)CC1)c1cccc(C=Cc2ccc3ccc(Cl)cc3n2)c1
moprolol,COc1ccccc1OCC(O)CNC(C)C
moracizine,CCOC(=O)Nc1ccc2c(c1)N(C(=O)CCN1CCOCC1)c1ccccc1S2
morinidazole,Cc1ncc([N+](=O)[O-])n1CC(O)CN1CCOCC1
morniflumate,O=C(OCCN1CCOCC1)c1cccnc1Nc1cccc(C(F)(F)F)c1
moroxydine,N=C(N)NC(=N)N1CCOCC1
mosapride,CCOc1cc(N)c(Cl)cc1C(=O)NCC1CN(Cc2ccc(F)cc2)CCO1
moxalactam,COC1(NC(=O)C(C(=O)O)c2ccc(O)cc2)C(=O)N2C(C(=O)O)=C(CSc3nnnn3C)COC21
moxaverine,CCc1cc2cc(OC)c(OC)cc2c(Cc2ccccc2)n1
moxidectin,CON=C1CC2(CC3CC(CC=C(C)CC(C)C=CC=C4COC5C(O)C(C)=CC(C(=O)O3)C45O)O2)OC(C(C)=CC(C)C)C1C
moxonidine,COc1nc(C)nc(Cl)c1NC1=NCCN1
mozavaptan,Cc1ccccc1C(=O)Nc1ccc(C(=O)N2CCCC(N(C)C)c3ccccc32)cc1
mycophenolate-mofetil,COc1c(C)c2c(c(O)c1CC=C(C)CCC(=O)OCCN1CCOCC1)C(=O)OC2
nabumetone,COc1ccc2cc(CCC(C)=O)ccc2c1
N-acetyl-tyrosine,CC(=O)NC(Cc1ccc(O)cc1)C(=O)O
nadide,NC(=O)c1ccc[n+](C2OC(COP(=O)(O)OP(=O)(O)OCC3OC(n4cnc5c(N)ncnc54)C(O)C3O)C(O)C2O)c1
nadifloxacin,CC1CCc2c(N3CCC(O)CC3)c(F)cc3c(=O)c(C(=O)O)cn1c23
nafamostat,N=C(N)Nc1ccc(C(=O)Oc2ccc3cc(C(=N)N)ccc3c2)cc1
nafcillin,CCOc1ccc2ccccc2c1C(=O)NC1C(=O)N2C1SC(C)(C)C2C(=O)O
naftifine,CN(CC=Cc1ccccc1)Cc1cccc2ccccc12
nalfurafine,CN(C(=O)C=Cc1ccoc1)C1CCC2(O)C3Cc4ccc(O)c5c4C2(CCN3CC2CC2)C1O5
nalidixic-acid,CCn1cc(C(=O)O)c(=O)c2ccc(C)nc21
nalmefene,C=C1CCC2(O)C3Cc4ccc(O)c5c4C2(CCN3CC2CC2)C1O5
naloxegol,C=CCN1CCC23c4c5ccc(O)c4OC2C(OCCOCCOCCOCCOCCOCCOCCOC)CCC3(O)C1C5
nandrolone,CC12CCC3C4CCC(=O)C=C4CCC3C1CCC2O
naphthoquine-phosphate,CC(C)(C)NCc1cc(Nc2ccnc3cc(Cl)ccc23)c2c(c1O)CCCC2
narasin,CCC(C(=O)O)C1OC(C(C)C(O)C(C)C(=O)C(CC)C2OC3(C=CC(O)C4(CCC(C)(C5CCC(O)(CC)C(C)O5)O4)O3)C(C)CC2C)C(C)CC1C
naratriptan,CNS(=O)(=O)CCc1ccc2[nH]cc(C3CCN(C)CC3)c2c1
nebivolol,OC(CNCC(O)C1CCc2cc(F)ccc2O1)C1CCc2cc(F)ccc2O1
NECA,CCNC(=O)C1OC(n2cnc3c(N)ncnc32)C(O)C1O
nedaplatin,N[Pt+2]1(N)OCC(=O)O1
nedaplatin,N[Pt]1(N)OCC(=O)O1
nedocromil,CCCc1c2oc(C(=O)O)cc(=O)c2cc2c(=O)cc(C(=O)O)n(CC)c12
nelarabine,COc1nc(N)nc2c1ncn2C1OC(CO)C(O)C1O
nelfinavir,Cc1c(O)cccc1C(=O)NC(CSc1ccccc1)C(O)CN1CC2CCCCC2CC1C(=O)NC(C)(C)C
nemonapride,CNc1cc(OC)c(C(=O)NC2CCN(Cc3ccccc3)C2C)cc1Cl
neo-gilurytmal,CCC[N+]12C(O)C(CC)C3CC1C1N(C)c4ccccc4C14CC2C3C4O
nepafenac,NC(=O)Cc1cccc(C(=O)c2ccccc2)c1N
neridronic-acid,NCCCCCC(O)(P(=O)(O)O)P(=O)(O)O
netupitant,Cc1ccccc1-c1cc(N2CCN(C)CC2)ncc1N(C)C(=O)C(C)(C)c1cc(C(F)(F)F)cc(C(F)(F)F)c1
nevirapine,Cc1ccnc2c1NC(=O)c1cccnc1N2C1CC1
niceritrol,O=C(OCC(COC(=O)c1cccnc1)(COC(=O)c1cccnc1)COC(=O)c1cccnc1)c1cccnc1
nicorandil,O=C(NCCO[N+](=O)[O-])c1cccnc1
nifekalant,Cn1c(NCCN(CCO)CCCc2ccc([N+](=O)[O-])cc2)cc(=O)n(C)c1=O
nifenalol,CC(C)NCC(O)c1ccc([N+](=O)[O-])cc1
nifursol,O=C(NN=Cc1ccc([N+](=O)[O-])o1)c1cc([N+](=O)[O-])cc([N+](=O)[O-])c1O
nifurtimox,CC1CS(=O)(=O)CCN1N=Cc1ccc([N+](=O)[O-])o1
nilotinib,Cc1cn(-c2cc(NC(=O)c3ccc(C)c(Nc4nccc(-c5cccnc5)n4)c3)cc(C(F)(F)F)c2)cn1
nilvadipine,COC(=O)C1=C(C#N)NC(C)=C(C(=O)OC(C)C)C1c1cccc([N+](=O)[O-])c1
nimorazole,O=[N+]([O-])c1cncn1CCN1CCOCC1
nimustine,Cc1ncc(CNC(=O)N(CCCl)[N+][O-])c(N)n1
nintedanib,COC(=O)c1ccc2c(c1)NC(=O)C2=C(Nc1ccc(N(C)C(=O)CN2CCN(C)CC2)cc1)c1ccccc1
niraparib,NC(=O)c1cccc2cn(-c3ccc(C4CCCNC4)cc3)nc12
niridazole,O=C1NCCN1c1ncc([N+](=O)[O-])s1
nitarsone,O=[N+]([O-])c1ccc([As](=O)(O)O)cc1
nitazoxanide,CC(=O)Oc1ccccc1C(=O)Nc1ncc([N+](=O)[O-])s1
nitenpyram,CCN(Cc1ccc(Cl)nc1)C(=C[N+](=O)[O-])NC
nitisinone,O=C1CCCC(=O)C1C(=O)c1ccc(C(F)(F)F)cc1[N+](=O)[O-]
nitroxoline,O=[N+]([O-])c1ccc(O)c2ncccc12
nizofenone,CCN(CC)Cc1nccn1-c1ccc([N+](=O)[O-])cc1C(=O)c1ccccc1Cl
nomegestrol-acetate,CC(=O)OC1(C(C)=O)CCC2C3C=C(C)C4=CC(=O)CCC4C3CCC21C
nonivamide,CCCCCCCCC(=O)NCc1ccc(O)c(OC)c1
norelgestromin,C#CC1(O)CCC2C3CCC4=CC(=NO)CCC4C3CCC21CC
norethisterone-enanthate,C#CC1(OC(=O)CCCCCC)CCC2C3CCC4=CC(=O)CCC4C3CCC21C
novobiocin,COC1C(OC(N)=O)C(O)C(Oc2ccc3c(O)c(NC(=O)c4ccc(O)c(CC=C(C)C)c4)c(=O)oc3c2C)OC1(C)C
obidoxime,ON=Cc1cc[n+](COC[n+]2ccc(C=NO)cc2)cc1
octenidine,CCCCCCCCN=c1ccn(CCCCCCCCCCn2ccc(=NCCCCCCCC)cc2)cc1
octinoxate,CCCCC(CC)COC(=O)C=Cc1ccc(OC)cc1
octreotide,CC(O)C(CO)NC(=O)C1CSSCC(NC(=O)C(N)Cc2ccccc2)C(=O)NC(Cc2ccccc2)C(=O)NC(Cc2c[nH]c3ccccc23)C(=O)NC(CCCCN)C(=O)NC(C(C)O)C(=O)N1
olanzapine,Cc1cc2c(s1)Nc1ccccc1N=C2N1CCN(C)CC1
olaparib,O=C(c1cc(Cc2n[nH]c(=O)c3ccccc23)ccc1F)N1CCN(C(=O)C2CC2)CC1
olmesartan,CCCc1nc(C(C)(C)O)c(C(=O)O)n1Cc1ccc(-c2ccccc2-c2nn[nH]n2)cc1
olmutinib,C=CC(=O)Nc1cccc(Oc2nc(Nc3ccc(N4CCN(C)CC4)cc3)nc3ccsc23)c1
olopatadine,CN(C)CCC=C1c2ccccc2COc2ccc(CC(=O)O)cc21
olprinone,Cc1[nH]c(=O)c(C#N)cc1-c1ccc2nccn2c1
olsalazine,O=C(O)c1cc(N=Nc2ccc(O)c(C(=O)O)c2)ccc1O
omarigliptin,CS(=O)(=O)n1cc2c(n1)CN(C1COC(c3cc(F)ccc3F)C(N)C1)C2
ombitasvir,COC(=O)NC(C(=O)N1CCCC1C(=O)Nc1ccc(C2CCC(c3ccc(NC(=O)C4CCCN4C(=O)C(NC(=O)OC)C(C)C)cc3)N2c2ccc(C(C)(C)C)cc2)cc1)C(C)C
omega-3-acid-esters,CCC=CCC=CCC=CCC=CCC=CCCCC(=O)OCC
omeprazole-magnesium,COc1ccc2c(c1)nc(S(=O)Cc1ncc(C)c(OC)c1C)n2[Mg]n1c(S(=O)Cc2ncc(C)c(OC)c2C)nc2cc(OC)ccc21
ondansetron,Cc1nccn1CC1CCc2c(c3ccccc3n2C)C1=O
opipramol,OCCN1CCN(CCCN2c3ccccc3C=Cc3ccccc32)CC1
oritavancin,CNC(CC(C)C)C(=O)NC1C(=O)NC(CC(N)=O)C(=O)NC2C(=O)NC3C(=O)NC(C(=O)NC(C(=O)O)c4cc(O)cc(O)c4-c4cc3ccc4O)C(OC3CC(C)(N)C(O)C(C)O3)c3ccc(c(Cl)c3)Oc3cc2cc(c3OC2OC(CO)C(O)C(O)C2OC2CC(C)(NCc3ccc(-c4ccc(Cl)cc4)cc3)C(O)C(C)O2)Oc2ccc(cc2Cl)C1O
oseltamivir-carboxylate,CCC(CC)OC1C=C(C(=O)O)CC(N)C1NC(C)=O
oseltamivir-phosphate,CCOC(=O)C1=CC(OC(CC)CC)C(NC(C)=O)C(N)C1
osimertinib,C=CC(=O)Nc1cc(Nc2nccc(-c3cn(C)c4ccccc34)n2)c(OC)cc1N(C)CCN(C)C
ospemifene,OCCOc1ccc(C(=C(CCCl)c2ccccc2)c2ccccc2)cc1
otilonium,CCCCCCCCOc1ccccc1C(=O)Nc1ccc(C(=O)OCC[N+](C)(CC)CC)cc1
oxacillin,Cc1onc(-c2ccccc2)c1C(=O)NC1C(=O)N2C1SC(C)(C)C2C(=O)O
oxaliplatin,O=C1O[Pt]2(NC3CCCCC3N2)OC1=O
oxandrolone,CC12COC(=O)CC1CCC1C2CCC2(C)C1CCC2(C)O
oxatomide,O=c1[nH]c2ccccc2n1CCCN1CCN(C(c2ccccc2)c2ccccc2)CC1
oxazepam,O=C1Nc2ccc(Cl)cc2C(c2ccccc2)=NC1O
oxiracetam,NC(=O)CN1CC(O)CC1=O
oxprenolol,C=CCOc1ccccc1OCC(O)CNC(C)C
oxybuprocaine,CCCCOc1cc(C(=O)OCCN(CC)CC)ccc1N
oxyfedrine,COc1cccc(C(=O)CCNC(C)C(O)c2ccccc2)c1
oxymatrine,O=C1CCCC2C3CCC[N+]4([O-])CCCC(CN12)C34
oxymetholone,CC12CC(C=O)C(=O)CC1CCC1C2CCC2(C)C1CCC2(C)O
oxytetracycline,CN(C)C1C(=O)C(C(N)=O)C(=O)C2(O)C(=O)C3C(=O)c4c(O)cccc4C(C)(O)C3C(O)C12
oxytocin,CCC(C)C1NC(=O)C(Cc2ccc(O)cc2)NC(=O)C(N)CSSCC(C(=O)N2CCCC2C(=O)NC(CC(C)C)C(=O)NCC(N)=O)NC(=O)C(CC(N)=O)NC(=O)C(CCC(N)=O)NC1=O
palbociclib,CC(=O)c1c(C)c2cnc(Nc3ccc(N4CCNCC4)cn3)nc2n(C2CCCC2)c1=O
paliperidone,Cc1nc2n(c(=O)c1CCN1CCC(c3noc4cc(F)ccc34)CC1)CCCC2O
palmitoylethanolamide,CCCCCCCCCCCCCCCC(=O)NCCO
palonosetron,O=C1c2cccc3c2C(CCC3)CN1C1CN2CCC1CC2
pamidronate,NCCC(O)(P(=O)(O)O)P(=O)(O)O
panobinostat,Cc1[nH]c2ccccc2c1CCNCc1ccc(C=CC(=O)NO)cc1
pantoprazole,COc1ccnc(CS(=O)c2nc3cc(OC(F)F)ccc3[nH]2)c1OC
pantothenic-acid,CC(C)(CO)C(O)C(=O)NCCC(=O)O
papaverine,COc1ccc(Cc2nccc3cc(OC)c(OC)cc23)cc1OC
parecoxib,CCC(=O)NS(=O)(=O)c1ccc(-c2c(-c3ccccc3)noc2C)cc1
paricalcitol,CC(C=CC(C)C(C)(C)O)C1CCC2C(=CC=C3CC(O)CC(O)C3)CCCC21C
paritaprevir,Cc1cnc(C(=O)NC2CCCCCC=CC3CC3(C(=O)NS(=O)(=O)C3CC3)NC(=O)C3CC(Oc4nc5ccccc5c5ccccc45)CN3C2=O)cn1
paroxypropione,CCC(=O)c1ccc(O)cc1
pasireotide,NCCCCC1NC(=O)C(Cc2c[nH]c3ccccc23)NC(=O)C(c2ccccc2)NC(=O)C2CC(OC(=O)NCCN)CN2C(=O)C(Cc2ccccc2)NC(=O)C(Cc2ccc(OCc3ccccc3)cc2)NC1=O
pazopanib,Cc1ccc(Nc2nccc(N(C)c3ccc4c(C)n(C)nc4c3)n2)cc1S(N)(=O)=O
pazufloxacin,CC1COc2c(C3(N)CC3)c(F)cc3c(=O)c(C(=O)O)cn1c23
pemetrexed,Nc1nc(=O)c2c(CCc3ccc(C(=O)NC(CCC(=O)O)C(=O)O)cc3)c[nH]c2[nH]1
pemirolast,Cc1cccn2c(=O)c(-c3nnn[nH]3)cnc12
penbutolol,CC(C)(C)NCC(O)COc1ccccc1C1CCCC1
penciclovir,Nc1nc(O)c2ncn(CCC(CO)CO)c2n1
penicillin-v-potassium,CC1(C)SC2C(NC(=O)COc3ccccc3)C(=O)N2C1C(=O)O
pentagastrin,CSCCC(NC(=O)C(Cc1c[nH]c2ccccc12)NC(=O)CCNC(=O)OC(C)(C)C)C(=O)NC(CC(=O)O)C(=O)NC(Cc1ccccc1)C(N)=O
pentolinium,C[N+]1(CCCCC[N+]2(C)CCCC2)CCCC1
pentostatin,OCC1OC(n2cnc3c2N=CNCC3O)CC1O
peramivir,CCC(CC)C(NC(C)=O)C1C(NC(=N)N)CC(C(=O)O)C1O
perampanel,N#Cc1ccccc1-c1cc(-c2ccccn2)cn(-c2ccccc2)c1=O
perchlozone,NC(=S)NN=Cc1ccncc1
perfluamine,FC(F)(F)C(F)(F)C(F)(F)N(C(F)(F)C(F)(F)C(F)(F)F)C(F)(F)C(F)(F)C(F)(F)F
perflubron,FC(F)(F)C(F)(F)C(F)(F)C(F)(F)C(F)(F)C(F)(F)C(F)(F)C(F)(F)Br
perfluorodecalin,FC1(F)C(F)(F)C(F)(F)C2(F)C(F)(F)C(F)(F)C(F)(F)C(F)(F)C2(F)C1(F)F
perindopril,CCCC(NC(C)C(=O)N1C(C(=O)O)CC2CCCCC21)C(=O)OCC
perospirone,O=C1C2CCCCC2C(=O)N1CCCCN1CCN(c2nsc3ccccc23)CC1
phenacaine,CCOc1ccc(N=C(C)Nc2ccc(OCC)cc2)cc1
phenethicillin,CC(Oc1ccccc1)C(=O)NC1C(=O)N2C1SC(C)(C)C2C(=O)O
phenindamine,CN1CCC2=C(C1)C(c1ccccc1)c1ccccc12
phenolsulfonphthalein,O=S1(=O)OC(c2ccc(O)cc2)(c2ccc(O)cc2)c2ccccc21
phenprobamate,NC(=O)OCCCc1ccccc1
phenprocoumon,CCC(c1ccccc1)c1c(O)c2ccccc2oc1=O
phensuximide,CN1C(=O)CC(c2ccccc2)C1=O
phenylbenzimidazole-sulfonic-acid,O=S(=O)(O)c1ccc2[nH]c(-c3ccccc3)nc2c1
phenylpiracetam,NC(=O)CN1CC(c2ccccc2)CC1=O
phenyl-salicylate,O=C(Oc1ccccc1)c1ccccc1O
phenytoin,O=C1NC(=O)C(c2ccccc2)(c2ccccc2)N1
phloroglucin,Oc1cc(O)cc(O)c1
phosphatidylcholine,CCCCCC=CCC=CCCCCCCCC(=O)OC(COC(=O)CCCCCCCCCCCCCCC)COP(=O)(O)OCC[N+](C)(C)C
physostigmine;physostigmine-salicylate,CNC(=O)Oc1ccc2c(c1)C1(C)CCN(C)C1N2C
picotamide,COc1ccc(C(=O)NCc2cccnc2)cc1C(=O)NCc1cccnc1
pidolic-acid,O=C1CCC(C(=O)O)N1
pidotimod,O=C1CCC(C(=O)N2CSCC2C(=O)O)N1
piketoprofen,Cc1ccnc(NC(=O)C(C)c2cccc(C(=O)c3ccccc3)c2)c1
pilsicainide,Cc1cccc(C)c1NC(=O)CC12CCCN1CCC2
pimavanserin,CC(C)COc1ccc(CNC(=O)N(Cc2ccc(F)cc2)C2CCN(C)CC2)cc1
pimecrolimus,CCC1C=C(C)CC(C)CC(OC)C2OC(O)(C(=O)C(=O)N3CCCCC3C(=O)OC(C(C)=CC3CCC(Cl)C(OC)C3)C(C)C(O)CC1=O)C(C)CC2OC
pimobendan,COc1ccc(-c2nc3cc(C4=NNC(=O)CC4C)ccc3[nH]2)cc1
pinacidil,CC(NC(=NC#N)Nc1ccncc1)C(C)(C)C
pinaverium,COc1cc(Br)c(C[N+]2(CCOCCC3CCC4CC3C4(C)C)CCOCC2)cc1OC
pipecuronium,CC(=O)OC1CC2CCC3C(CCC4(C)C3CC(N3CC[N+](C)(C)CC3)C4OC(C)=O)C2(C)CC1N1CC[N+](C)(C)CC1
piperacetazine,CC(=O)c1ccc2c(c1)N(CCCN1CCC(CCO)CC1)c1ccccc1S2
piperacillin,CCN1CCN(C(=O)NC(C(=O)NC2C(=O)N3C2SC(C)(C)C3C(=O)O)c2ccccc2)C(=O)C1=O
piperaquine-phosphate,Clc1ccc2c(N3CCN(CCCN4CCN(c5ccnc6cc(Cl)ccc56)CC4)CC3)ccnc2c1
piperonyl-butoxide,CCCCOCCOCCOCc1cc2c(cc1CCC)OCO2
pipotiazine-palmitate,CCCCCCCCCCCCCCCC(=O)OCCC1CCN(CCCN2c3ccccc3Sc3ccc(S(=O)(=O)N(C)C)cc32)CC1
pirarubicin,COc1cccc2c1C(=O)c1c(O)c3c(c(O)c1C2=O)CC(O)(C(=O)CO)CC3OC1CC(N)C(OC2CCCCO2)C(C)O1
pirenoxine,O=C(O)c1cc(O)c2c3nc4ccccc4oc-3cc(=O)c2n1
piretanide,NS(=O)(=O)c1cc(C(=O)O)cc(N2CCCC2)c1Oc1ccccc1
pirfenidone,Cc1ccc(=O)n(-c2ccccc2)c1
pirlindole,Cc1ccc2c(c1)c1c3n2CCNC3CCC1
piroctone-olamine,Cc1cc(CC(C)CC(C)(C)C)n(O)c(=O)c1
piroxicam,CN1C(C(=O)Nc2ccccn2)C(=O)c2ccccc2S1(=O)=O
pitavastatin,O=C(O)CC(O)CC(O)C=Cc1c(C2CC2)nc2ccccc2c1-c1ccc(F)cc1
pivagabine,CC(C)(C)C(=O)NCCCC(=O)O
pivampicillin,CC(C)(C)C(=O)OCOC(=O)C1N2C(=O)C(NC(=O)C(N)c3ccccc3)C2SC1(C)C
pivmecillinam,CC(C)(C)C(=O)OCOC(=O)C1N2C(=O)C(N=CN3CCCCCC3)C2SC1(C)C
pixantrone,NCCNc1ccc(NCCN)c2c1C(=O)c1ccncc1C2=O
pizotifen,CN1CCC(=C2c3ccccc3CCc3sccc32)CC1
plerixafor,c1cc(CN2CCCNCCNCCCNCC2)ccc1CN1CCCNCCNCCCNCC1
plicamycin,COC(C(=O)C(O)C(C)O)C1Cc2cc3cc(OC4CC(OC5CC(O)C(O)C(C)O5)C(O)C(C)O4)c(C)c(O)c3c(O)c2C(=O)C1OC1CC(OC2CC(OC3CC(C)(O)C(O)C(C)O3)C(O)C(C)O2)C(O)C(C)O1
polidocanol,CCCCCCCCCCCCOCCOCCOCCOCCOCCOCCOCCOCCOCCO
polythiazide,CN1C(CSCC(F)(F)F)Nc2cc(Cl)c(S(N)(=O)=O)cc2S1(=O)=O
pomalidomide,Nc1cccc2c1C(=O)N(C1CCC(=O)NC1=O)C2=O
ponatinib,Cc1ccc(C(=O)Nc2ccc(CN3CCN(C)CC3)c(C(F)(F)F)c2)cc1C#Cc1cnc2cccnn12
posaconazole,CCC(C(C)O)n1ncn(-c2ccc(N3CCN(c4ccc(OCC5COC(Cn6cncn6)(c6ccc(F)cc6F)C5)cc4)CC3)cc2)c1=O
potassium-canrenoate,CC12CCC(=O)C=C1C=CC1C2CCC2(C)C1CCC2(O)CCC(=O)O
potassium-p-aminobenzoate,Nc1ccc(C(=O)O)cc1
pralatrexate,C#CCC(Cc1cnc2nc(N)nc(N)c2n1)c1ccc(C(=O)NC(CCC(=O)O)C(=O)O)cc1
pralidoxime-chloride,C[n+]1ccccc1C[N+][O-]
pramipexole,CCCNC1CCc2nc(N)sc2C1
pramiracetam,CC(C)N(CCNC(=O)CN1CCCC1=O)C(C)C
pranlukast,O=C(Nc1cccc2c(=O)cc(-c3nnn[nH]3)oc12)c1ccc(OCCCCc2ccccc2)cc1
pranoprofen,CC(C(=O)O)c1ccc2c(c1)Cc1cccnc1O2
prasugrel,CC(=O)Oc1cc2c(s1)CCN(C(C(=O)C1CC1)c1ccccc1F)C2
pravastatin,CCC(C)C(=O)OC1CC(O)C=C2C=CC(C)C(CCC(O)CC(O)CC(=O)O)C21
prednicarbate,CCOC(=O)OC1(C(=O)COC(=O)CC)CCC2C3CCC4=CC(=O)C=CC4(C)C3C(O)CC21C
prednisolone-sodium-phosphate,CC12C=CC(=O)C=C1CCC1C2C(O)CC2(C)C1CCC2(O)C(=O)COP(=O)(O)O
prednisolone-tebutate,CC(C)(C)CC(=O)OCC(=O)C1(O)CCC2C3CCC4=CC(=O)C=CC4(C)C3C(O)CC21C
procarbazine,CNNCc1ccc(C(=O)NC(C)C)cc1
procaterol,CCC(NC(C)C)C(O)c1ccc(O)c2[nH]c(=O)ccc12
prochlorperazine,CN1CCN(CCCN2c3ccccc3Sc3ccc(Cl)cc32)CC1
progesterone,CC(=O)C1CCC2C3CCC4=CC(=O)CCC4(C)C3CCC12C
proglumetacin,CCCN(CCC)C(=O)C(CCC(=O)OCCCN1CCN(CCOC(=O)Cc2c(C)n(C(=O)c3ccc(Cl)cc3)c3ccc(OC)cc23)CC1)NC(=O)c1ccccc1
proguanil,CC(C)NC(=N)NC(=N)Nc1ccc(Cl)cc1
promestriene,CCCOc1ccc2c(c1)CCC1C2CCC2(C)C(OC)CCC12
propacetamol,CCN(CC)CC(=O)Oc1ccc(NC(C)=O)cc1
propagermanium,O=C(O)CC[Ge](=O)O[Ge](=O)CCC(=O)O
propatylnitrate,CCC(CO[N+](=O)[O-])(CO[N+](=O)[O-])CO[N+](=O)[O-]
propiverine,CCCOC(C(=O)OC1CCN(C)CC1)(c1ccccc1)c1ccccc1
propoxycaine,CCCOc1cc(N)ccc1C(=O)OCCN(CC)CC
propyl-benzoate,CCCOC(=O)c1ccccc1
propylene-glycol,CC(O)CO
propylhexedrine,CNC(C)CC1CCCCC1
propylparaben,CCCOC(=O)c1ccc(O)cc1
proquazone,Cc1ccc2c(-c3ccccc3)nc(=O)n(C(C)C)c2c1
protionamide,CCCc1cc(C(=N)S)ccn1
protirelin,NC(=O)C1CCCN1C(=O)C(Cc1c[nH]cn1)NC(=O)C1CCC(=O)N1
proxodolol,Cc1noc(COc2ccccc2OCC(O)CNC(C)(C)C)n1
proxymetacaine,CCCOc1ccc(C(=O)OCCN(CC)CC)cc1N
prucalopride,COCCCN1CCC(NC(=O)c2cc(Cl)c(N)c3c2OCC3)CC1
prulifloxacin,Cc1oc(=O)oc1CN1CCN(c2cc3c(cc2F)c(=O)c(C(=O)O)c2n3C(C)S2)CC1
PSI-7976;sofosbuvir,CC(C)OC(=O)C(C)NP(=O)(OCC1OC(n2ccc(=O)[nH]c2=O)C(C)(F)C1O)Oc1ccccc1
psoralen,O=c1ccc2cc3ccoc3cc2o1
pyrantel,O=C(O)c1cc2ccccc2c(Cc2c(O)c(C(=O)O)cc3ccccc23)c1O
pyrethrins,C=CC=CCC1=CC(OC(=O)C2C(C=C(C)C)C2(C)C)CC1=O
pyridoxal,Cc1ncc(CO)c(C=O)c1O
pyrithione-zinc,c1cc[n+]2c(c1)S[Zn]1(O2)O[n+]2ccccc2S1
pyritinol,Cc1ncc(CSSCc2cnc(C)c(O)c2CO)c(CO)c1O
pyrvinium;pyrvinium-pamoate,Cc1cc(C=Cc2ccc3cc(N(C)C)ccc3[n+]2C)c(C)n1-c1ccccc1
quinagolide,CCCN1CC(NS(=O)(=O)N(CC)CC)CC2Cc3c(O)cccc3CC21
quinaprilat,CC(NC(CCc1ccccc1)C(=O)O)C(=O)N1Cc2ccccc2CC1C(=O)O
quinestrol,C#CC1(O)CCC2C3CCc4cc(OC5CCCC5)ccc4C3CCC21C
quinethazone,CCC1NC(=O)c2cc(S(N)(=O)=O)c(Cl)cc2N1
rabeprazole,COCCCOc1ccnc(CS(=O)c2nc3ccccc3[nH]2)c1C
racecadotril,CC(=O)SCC(Cc1ccccc1)C(=O)NCC(=O)OCc1ccccc1
raclopride,CCN1CCCC1CNC(=O)c1c(O)c(Cl)cc(Cl)c1OC
ractopamine,CC(CCc1ccc(O)cc1)NCC(O)c1ccc(O)cc1
raltegravir,Cc1nnc(C(=O)NC(C)(C)c2nc(C(=O)NCc3ccc(F)cc3)c(O)c(=O)n2C)o1
raltitrexed,Cc1nc(=O)c2cc(CN(C)c3ccc(C(=O)NC(CCC(=O)O)C(=O)O)s3)ccc2[nH]1
ramatroban,O=C(O)CCn1c2c(c3ccccc31)CC(NS(=O)(=O)c1ccc(F)cc1)CC2
ramelteon,CCC(=O)NCCC1CCc2ccc3c(c21)CCO3
ramosetron,Cn1cc(C(=O)C2CCc3nc[nH]c3C2)c2ccccc21
rasagiline,C#CCNC1CCc2ccccc21
reboxetine,CCOc1ccccc1OC(c1ccccc1)C1CNCCO1
regadenoson,CNC(=O)c1cnn(-c2nc(N)c3ncn(C4OC(CO)C(O)C4O)c3n2)c1
retapamulin,C=CC1(C)CC(OC(=O)CSC2CC3CCC(C2)N3C)C2(C)C(C)CCC3(CCC(=O)C32)C(C)C1O
retigabine,CCOC(=O)Nc1ccc(NCc2ccc(F)cc2)cc1N
retinaldehyde,CC(C=CC=C(C)C=CC1=C(C)CCCC1(C)C)=CC=O
revaprazan,Cc1nc(Nc2ccc(F)cc2)nc(N2CCc3ccccc3C2C)c1C
ribociclib,CN(C)C(=O)c1cc2cnc(Nc3ccc(N4CCNCC4)cn3)nc2n1C1CCCC1
riboflavin-5-phosphate-sodium,Cc1cc2nc3c(=O)[nH]c(=O)nc-3n(CC(O)C(O)C(O)COP(=O)(O)O)c2cc1C
ribostamycin;ribostamycin-sulfate,NCC1OC(OC2C(N)CC(N)C(O)C2OC2OC(CO)C(O)C2O)C(N)C(O)C1O
ricinoleic-acid,CCCCCCC(O)CC=CCCCCCCCC(=O)O
rifabutin,COC1C=COC2(C)Oc3c(C)c(O)c4c(O)c(c5c(c4c3C2=O)=NC2(CCN(CC(C)C)CC2)N=5)NC(=O)C(C)=CC=CC(C)C(O)C(C)C(O)C(C)C(OC(C)=O)C1C
rifamycin,COC1C=COC2(C)Oc3c(C)c(O)c4c(O)c(cc(O)c4c3C2=O)NC(=O)C(C)=CC=CC(C)C(O)C(C)C(O)C(C)C(OC(C)=O)C1C
rifapentine,COC1C=COC2(C)Oc3c(C)c(O)c4c(O)c(c(C=NN5CCN(C6CCCC6)CC5)c(O)c4c3C2=O)NC(=O)C(C)=CC=CC(C)C(O)C(C)C(O)C(C)C(OC(C)=O)C1C
rilmenidine,C1COC(NC(C2CC2)C2CC2)=N1
rilpivirine,Cc1cc(C=CC#N)cc(C)c1Nc1ccnc(Nc2ccc(C#N)cc2)n1
riluzole,Nc1nc2ccc(OC(F)(F)F)cc2s1
rimexolone,CCC(=O)C1(C)C(C)CC2C3CCC4=CC(=O)C=CC4(C)C3C(O)CC21C
riociguat,COC(=O)N(C)c1c(N)nc(-c2nn(Cc3ccccc3F)c3ncccc23)nc1N
riodoxol,Oc1c(I)cc(I)c(O)c1I
ripasudil,CC1CNCCCN1S(=O)(=O)c1cccc2cncc(F)c12
risedronate,O=P(O)(O)C(O)(Cc1cccnc1)P(=O)(O)O
risperidone,Cc1nc2n(c(=O)c1CCN1CCC(c3noc4cc(F)ccc34)CC1)CCCC2
ritonavir,CC(C)c1nc(CN(C)C(=O)NC(C(=O)NC(Cc2ccccc2)CC(O)C(Cc2ccccc2)NC(=O)OCc2cncs2)C(C)C)cs1
rivaroxaban,O=C(NCC1CN(c2ccc(N3CCOCC3=O)cc2)C(=O)O1)c1ccc(Cl)s1
rivastigmine,CCN(C)C(=O)Oc1cccc(C(C)N(C)C)c1
rizatriptan,CN(C)CCc1c[nH]c2ccc(Cn3cncn3)cc12
rocuronium,C=CC[N+]1(C2CC3C4CCC5CC(O)C(N6CCOCC6)CC5(C)C4CCC3(C)C2OC(C)=O)CCCC1
roflumilast,O=C(Nc1c(Cl)cncc1Cl)c1ccc(OC(F)F)c(OCC2CC2)c1
rolitetracycline,CN(C)C1C(=O)C(C(=O)NCN2CCCC2)C(=O)C2(O)C(=O)C3C(=O)c4c(O)cccc4C(C)(O)C3CC12
romidepsin,CC=C1NC(=O)C2CSSCCC=CC(CC(=O)NC(C(C)C)C(=O)N2)OC(=O)C(C(C)C)NC1=O
ropivacaine,CCCN1CCCCC1C(=O)Nc1c(C)cccc1C
rose-bengal,O=C(O)c1c(Cl)c(Cl)c(Cl)c(Cl)c1-c1c2cc(I)c(=O)c(I)c-2oc2c(I)c(O)c(I)cc12
rose-bengal-lactone,O=C1OC2(c3cc(I)c(O)c(I)c3Oc3c2cc(I)c(O)c3I)c2c(Cl)c(Cl)c(Cl)c(Cl)c21
rosmarinic-acid,O=C(C=Cc1ccc(O)c(O)c1)OC(Cc1ccc(O)c(O)c1)C(=O)O
rosoxacin,CCn1cc(C(=O)O)c(=O)c2ccc(-c3ccncc3)cc21
rosuvastatin,CC(C)c1nc(N(C)S(C)(=O)=O)nc(-c2ccc(F)cc2)c1C=CC(O)CC(O)CC(=O)O
rotigotine,CCCN(CCc1cccs1)C1CCc2c(O)cccc2C1
rotundine,COc1cc2c(cc1OC)C1Cc3ccc(OC)c(OC)c3CN1CC2
roxatidine-acetate,CC(=O)OCC(=O)NCCCOc1cccc(CN2CCCCC2)c1
rufinamide,NC(=O)c1cn(Cc2c(F)cccc2F)nn1
rufloxacin,CN1CCN(c2c(F)cc3c(=O)c(C(=O)O)cn4c3c2SCC4)CC1
rupatadine,Cc1cncc(CN2CCC(=C3c4ccc(Cl)cc4CCc4cccnc43)CC2)c1
ruxolitinib;ruxolitinib-(S),N#CCC(C1CCCC1)n1cc(-c2ncnc3[nH]ccc23)cn1
sacubitril,CCOC(=O)C(C)CC(Cc1ccc(-c2ccccc2)cc1)NC(=O)CCC(=O)O
safinamide,CC(NCc1ccc(OCc2cccc(F)c2)cc1)C(N)=O
salicylic-acid;sodium-salicylate,O=C(O)c1ccccc1O
salinomycin,CCC(C(=O)O)C1CCC(C)C(C(C)C(O)C(C)C(=O)C(CC)C2OC3(C=CC(O)C4(CCC(C)(C5CCC(O)(CC)C(C)O5)O4)O3)C(C)CC2C)O1
salmeterol,OCc1cc(C(O)CNCCCCCCOCCCCc2ccccc2)ccc1O
sapropterin,CC(O)C(O)C1CNc2nc(N)nc(O)c2N1
saquinavir,CC(C)(C)NC(=O)C1CC2CCCCC2CN1CC(O)C(Cc1ccccc1)NC(=O)C(CC(N)=O)NC(=O)c1ccc2ccccc2n1
sarpogrelate,COc1cccc(CCc2ccccc2OCC(CN(C)C)OC(=O)CCC(=O)O)c1
saxagliptin,N#CC1CC2CC2N1C(=O)C(N)C12CC3CC(CC(O)(C3)C1)C2
sclareolide,CC1(C)CCCC2(C)C1CCC1(C)OC(=O)CC12
SCMC-Lys,NC(CSCC(=O)O)C(=O)O
scopine,CN1C2CC(O)CC1C1OC12
secalciferol,C=C1CCC(O)CC1=CC=C1CCCC2(C)C1CCC2C(C)CCC(O)C(C)(C)O
selenomethionine,C[Se]CCC(N)C(=O)O
seratrodast,CC1=C(C)C(=O)C(C(CCCCCC(=O)O)c2ccccc2)=C(C)C1=O
sertaconazole,Clc1ccc(C(Cn2ccnc2)OCc2csc3c(Cl)cccc23)c(Cl)c1
setiptiline,CN1CCC2=C(C1)c1ccccc1Cc1ccccc12
sevoflurane,FCOC(C(F)(F)F)C(F)(F)F
sildenafil,CCCc1nn(C)c2c(=O)[nH]c(-c3cc(S(=O)(=O)N4CCN(C)CC4)ccc3OCC)nc12
silodosin,CC(Cc1cc2c(c(C(N)=O)c1)N(CCCO)CC2)NCCOc1ccccc1OCC(F)(F)F
silver-sulfadiazine,Nc1ccc(S(=O)(=O)N([Ag])c2ncccn2)cc1
simeprevir,COc1ccc2c(OC3CC4C(=O)NC5(C(=O)NS(=O)(=O)C6CC6)CC5C=CCCCCN(C)C(=O)C4C3)cc(-c3nc(C(C)C)cs3)nc2c1C
sitafloxacin,NC1CN(c2c(F)cc3c(=O)c(C(=O)O)cn(C4CC4F)c3c2Cl)CC12CC2
sitagliptin,NC(CC(=O)N1CCn2c(nnc2C(F)(F)F)C1)Cc1cc(F)c(F)cc1F
sivelestat,CC(C)(C)C(=O)Oc1ccc(S(=O)(=O)Nc2ccccc2C(=O)NCC(=O)O)cc1
SN-38,CCc1c2c(nc3ccc(O)cc13)-c1cc3c(c(=O)n1C2)COC(=O)C3(O)CC
sobrepin,CC1=CCC(C(C)(C)O)CC1O
sodium-ascorbate,O=C1OC(C(O)CO)C(O)C1O
sodium-gualenate,Cc1cc(S(=O)(=O)O)c2c(C)ccc(C(C)C)cc1-2
sodium-monofluorophosphate,O=P(O)(O)F
sodium-nitrite,[O-][N+][O-]
sodium-nitroprusside,N#C[Fe-2](C#N)(C#N)(C#N)(C#N)[N+][O-]
sodium-oxybate,O=C(O)CCCO
sodium-picosulfate,O=S(=O)(O)Oc1ccc(C(c2ccc(OS(=O)(=O)O)cc2)c2ccccn2)cc1
sodium-stibogluconate,O=C(O)C1O[Sb]2(O)(O[Sb]34(O)OC(C(=O)O)C(O3)C(C(O)CO)O4)OC(C(O)CO)C1O2
sodium-tetradecyl-sulfate,CCCCCCCCCCCCCCOS(=O)(=O)O
sodium-tetradecyl-sulfate,CCCCC(CC)CCC(CC(C)C)OS(=O)(=O)O
sofalcone,CC(C)=CCOc1ccc(C=CC(=O)c2ccc(OCC=C(C)C)cc2OCC(=O)O)cc1
somatostatin,CC(N)C(=O)NCC(=O)NC1CSSCC(C(=O)O)NC(=O)C(CO)NC(=O)C(C(C)O)NC(=O)C(Cc2ccccc2)NC(=O)C(C(C)O)NC(=O)C(CCCCN)NC(=O)C(Cc2c[nH]c3ccccc23)NC(=O)C(Cc2ccccc2)NC(=O)C(Cc2ccccc2)NC(=O)C(CC(N)=O)NC(=O)C(CCCCN)NC1=O
sonidegib,Cc1c(C(=O)Nc2ccc(N3CC(C)OC(C)C3)nc2)cccc1-c1ccc(OC(F)(F)F)cc1
sorafenib,CNC(=O)c1cc(Oc2ccc(NC(=O)Nc3ccc(Cl)c(C(F)(F)F)c3)cc2)ccn1
sotalol,CC(C)NCC(O)c1ccc(NS(C)(=O)=O)cc1
stanozolol,CC12Cc3cn[nH]c3CC1CCC1C2CCC2(C)C1CCC2(C)O
stavudine,Cc1cn(C2C=CC(CO)O2)c(=O)[nH]c1=O
stepronin,CC(SC(=O)c1cccs1)C(=O)NCC(=O)O
stetaderm,CC(=O)C1CCC2C3CCC4=CC(=O)CCC4(C)C3C(O)CC12C
stiripentol,CC(C)(C)C(O)C=Cc1ccc2c(c1)OCO2
streptomycin,CNC1C(OC2C(OC3C(O)C(O)C(NC(=N)N)C(O)C3NC(=N)N)OC(C)C2(O)C=O)OC(CO)C(O)C1O
streptozotocin,CN([N+][O-])C(=O)NC1C(O)OC(CO)C(O)C1O
strontium-ranelate,N#Cc1c(N2CC(=O)O[Sr]OC(=O)C2)sc2c1CC(=O)O[Sr]OC2=O
succinic-acid,O=C(O)CCC(=O)O
succinylcholine-chloride,C[N+](C)(C)CCOC(=O)CCC(=O)OCC[N+](C)(C)C
sucrose,OCC1OC(OC2(CO)OC(CO)C(O)C2O)C(O)C(O)C1O
sufentanil,CCC(=O)N(c1ccccc1)C1(COC)CCN(CCc2cccs2)CC1
sulbactam,CC1(C)C(C(=O)O)N2C(=O)CC2S1(=O)=O
sulbactam-pivoxil,CC(C)(C)C(=O)OCOC(=O)C1N2C(=O)CC2S(=O)(=O)C1(C)C
sulbutiamine,CC(=C(CCOC(=O)C(C)C)SSC(CCOC(=O)C(C)C)=C(C)N(C=O)Cc1cnc(C)nc1N)N(C=O)Cc1cnc(C)nc1N
sulfaguanidine,N=C(N)NS(=O)(=O)c1ccc(N)cc1
sulfametopyrazine,COc1nccnc1NS(=O)(=O)c1ccc(N)cc1
sulfamoxole,Cc1nc(NS(=O)(=O)c2ccc(N)cc2)oc1C
sulfaquinoxaline,Nc1ccc(S(=O)(=O)Nc2cnc3ccccc3n2)cc1
sulisobenzone,COc1cc(O)c(C(=O)c2ccccc2)cc1S(=O)(=O)O
sulmetozine,COc1cc(C(=S)N2CCOCC2)cc(OC)c1OC
sumatriptan,CNS(=O)(=O)Cc1ccc2[nH]cc(CCN(C)C)c2c1
sunitinib,CCN(CC)CCNC(=O)c1c(C)[nH]c(C=C2C(=O)Nc3ccc(F)cc32)c1C
suplatast,CCOCC(O)COc1ccc(NC(=O)CC[S+](C)C)cc1
suvorexant,Cc1ccc(-n2nccn2)c(C(=O)N2CCN(c3nc4cc(Cl)ccc4o3)CCC2C)c1
tacalcitol,C=C1C(=CC=C2CCCC3(C)C2CCC3C(C)CCC(O)C(C)C)CC(O)CC1O
tafamidis-meglumine,O=C(O)c1ccc2nc(-c3cc(Cl)cc(Cl)c3)oc2c1
talinolol,CC(C)(C)NCC(O)COc1ccc(NC(=O)NC2CCCCC2)cc1
talipexole,C=CCN1CCc2nc(N)sc2CC1
talniflumate,O=C1OC(OC(=O)c2cccnc2Nc2cccc(C(F)(F)F)c2)c2ccccc21
taltirelin,CN1C(=O)CC(C(=O)NC(Cc2cnc[nH]2)C(=O)N2CCCC2C(N)=O)NC1=O
tamibarotene,CC1(C)CCC(C)(C)c2cc(NC(=O)c3ccc(C(=O)O)cc3)ccc21
tamsulosin,CCOc1ccccc1OCCNC(C)Cc1ccc(OC)c(S(N)(=O)=O)c1
tandospirone,O=C1C2C3CCC(C3)C2C(=O)N1CCCCN1CCN(c2ncccn2)CC1
tapentadol,CCC(c1cccc(O)c1)C(C)CN(C)C
tasimelteon,CCC(=O)NCC1CC1c1cccc2c1CCO2
taurolidine,O=S1(=O)CCN(CN2CCS(=O)(=O)NC2)CN1
tavaborole,OB1OCc2cc(F)ccc21
tazarotene,CCOC(=O)c1ccc(C#Cc2ccc3c(c2)C(C)(C)CCS3)nc1
tazobactam,CC1(Cn2ccnn2)C(C(=O)O)N2C(=O)CC2S1(=O)=O
tebipenem,CC(O)C1C(=O)N2C(C(=O)OCOC(=O)C(C)(C)C)=C(SC3CN(C4=NCCS4)C3)C(C)C12
tedizolid,Cn1nnc(-c2ccc(-c3ccc(N4CC(CO)OC4=O)cc3F)cn2)n1
tedizolid-phosphate,Cn1nnc(-c2ccc(-c3ccc(N4CC(COP(=O)(O)O)OC4=O)cc3F)cn2)n1
teicoplanin,CCCCCCCCCC(=O)NC1C(Oc2c3cc4cc2Oc2ccc(cc2Cl)C(OC2OC(CO)C(O)C(O)C2NC(C)=O)C2NC(=O)C(NC(=O)C4NC(=O)C4NC(=O)C(Cc5ccc(c(Cl)c5)O3)NC(=O)C(N)c3ccc(O)c(c3)Oc3cc(O)cc4c3)c3ccc(O)c(c3)-c3c(OC4OC(CO)C(O)C(O)C4O)cc(O)cc3C(C(=O)O)NC2=O)OC(CO)C(O)C1O
teicoplanin-a2-3,CC(=O)NC1C(OC2c3ccc(c(Cl)c3)Oc3cc4cc(c3OC3OC(CO)C(O)C(O)C3NC(=O)CCCCCCCC(C)C)Oc3ccc(cc3Cl)CC3NC(=O)C(N)c5ccc(O)c(c5)Oc5cc(O)cc(c5)C(NC3=O)C(=O)NC4C(=O)NC3C(=O)NC2C(=O)NC(C(=O)O)c2cc(O)cc(OC4OC(CO)C(O)C(O)C4O)c2-c2cc3ccc2O)OC(CO)C(O)C1O
telaprevir,CCCC(NC(=O)C1C2CCCC2CN1C(=O)C(NC(=O)C(NC(=O)c1cnccn1)C1CCCCC1)C(C)(C)C)C(=O)C(=O)NC1CC1
telbivudine,Cc1cn(C2CC(O)C(CO)O2)c(=O)[nH]c1=O
telmesteine,CCOC(=O)N1CSCC1C(=O)O
telmisartan,CCCc1nc2c(C)cc(-c3nc4ccccc4n3C)cc2n1Cc1ccc(-c2ccccc2C(=O)O)cc1
telotristat,Cc1ccn(-c2cc(Cl)ccc2C(Oc2cc(-c3ccc(CC(N)C(=O)O)cc3)nc(N)n2)C(F)(F)F)n1
telotristat-ethyl,CCOC(=O)C(N)Cc1ccc(-c2cc(OC(c3ccc(Cl)cc3-n3ccc(C)n3)C(F)(F)F)nc(N)n2)cc1
temocapril,CCOC(=O)C(CCc1ccccc1)NC1CSC(c2cccs2)CN(CC(=O)O)C1=O
temozolomide,Cn1nnc2c(C(N)=O)ncn2c1=O
temsirolimus,COC1CC2CCC(C)C(O)(O2)C(=O)C(=O)N2CCCCC2C(=O)OC(C(C)CC2CCC(OC(=O)C(C)(CO)CO)C(OC)C2)CC(=O)C(C)C=C(C)C(O)C(OC)C(=O)C(C)CC(C)C=CC=CC=C1C
teneligliptin,Cc1cc(N2CCN(C3CNC(C(=O)N4CCSC4)C3)CC2)n(-c2ccccc2)n1
tenofovir,CC(Cn1cnc2c(N)ncnc21)OCP(=O)(O)O
tenofovir-disoproxil,CC(C)OC(=O)OCOP(=O)(COC(C)Cn1cnc2c(N)ncnc21)OCOC(=O)OC(C)C
tenoxicam,CN1C(C(=O)Nc2ccccn2)C(=O)c2sccc2S1(=O)=O
tepoxalin,COc1ccc(-n2nc(CCC(=O)N(C)O)cc2-c2ccc(Cl)cc2)cc1
teprenone,CC(=O)CCC=C(C)CCC=C(C)CCC=C(C)CCC=C(C)C
terconazole,CC(C)N1CCN(c2ccc(OCC3COC(Cn4cncn4)(c4ccc(Cl)cc4Cl)O3)cc2)CC1
terguride,CCN(CC)C(=O)NC1CC2c3cccc4[nH]cc(c34)CC2N(C)C1
teriflunomide,CC(=O)C(C#N)C(=O)Nc1ccc(C(F)(F)F)cc1
terlipressin,NCCCCC(NC(=O)C1CCCN1C(=O)C1CSSCC(NC(=O)CNC(=O)CNC(=O)CN)C(=O)NC(Cc2ccc(O)cc2)C(=O)NC(Cc2ccccc2)C(=O)NC(CCC(N)=O)C(=O)NC(CC(N)=O)C(=O)N1)C(=O)NCC(N)=O
testolactone,CC12CCC3C(CCC4=CC(=O)C=CC43C)C1CCC(=O)O2
testosterone-enanthate,CCCCCCC(=O)OC1CCC2C3CCC4=CC(=O)CCC4(C)C3CCC12C
testosterone-undecanoate,CCCCCCCCCCC(=O)OC1CCC2C3CCC4=CC(=O)CCC4(C)C3CCC12C
tetrabenazine,COc1cc2c(cc1OC)C1CC(=O)C(CC(C)C)CN1CC2
tetracycline,CN(C)C1C(=O)C(C(N)=O)C(=O)C2(O)C(=O)C3C(=O)c4c(O)cccc4C(C)(O)C3CC12
tetrahydrofolic-acid,Nc1nc(O)c2c(n1)NCC(CNc1ccc(C(=O)NC(CCC(=O)O)C(=O)O)cc1)N2
tezacaftor,CC(C)(CO)c1cc2cc(NC(=O)C3(c4ccc5c(c4)OC(F)(F)O5)CC3)c(F)cc2n1CC(O)CO
thiamine-pyrophosphate,Cc1ncc(C[n+]2csc(CCOP(=O)(O)OP(=O)(O)O)c2C)c(N)n1
thiamylal,C=CCC1(C(C)CCC)C(=O)N=C(S)NC1=O
thiocolchicoside,COc1c(OC2OC(CO)C(O)C(O)C2O)cc2c(c1OC)-c1ccc(SC)c(=O)cc1C(NC(C)=O)CC2
thioguanine,Nc1nc2nc[nH]c2c(=S)[nH]1
thiomersal,CC[Hg]Sc1ccccc1C(=O)O
thiopental,CCCC(C)C1(CC)C(=O)N=C(S)NC1=O
thioproperazine,CN1CCN(CCCN2c3ccccc3Sc3ccc(S(=O)(=O)N(C)C)cc32)CC1
thiostrepton,C=C(NC(=O)C(=C)NC(=O)c1csc(C2=NC3c4csc(n4)C4NC(=O)c5csc(n5)C(C(C)(O)C(C)O)NC(=O)C5CSC(=N5)C(=CC)NC(=O)C(C(C)O)NC(=O)c5csc(n5)C3(CC2)NC(=O)C(C)NC(=O)C(=C)NC(=O)C(C)NC(=O)C(C(C)CC)NC2C=Cc3c(C(C)O)cc(nc3C2O)C(=O)OC4C)n1)C(N)=O
thonzonium,CCCCCCCCCCCCCCCC[N+](C)(C)CCN(Cc1ccc(OC)cc1)c1ncccn1
tiagabine,Cc1ccsc1C(=CCCN1CCCC(C(=O)O)C1)c1sccc1C
tianeptine,CN1c2ccccc2C(NCCCCCCC(=O)O)c2ccc(Cl)cc2S1(=O)=O
tiaprofenic-acid,CC(C(=O)O)c1ccc(C(=O)c2ccccc2)s1
tiaramide,O=C(Cn1c(=O)sc2ccc(Cl)cc21)N1CCN(CCO)CC1
tibolone,C#CC1(O)CCC2C3C(C)CC4=C(CCC(=O)C4)C3CCC21C
ticagrelor,CCCSc1nc(NC2CC2c2ccc(F)c(F)c2)c2nnn(C3CC(OCCO)C(O)C3O)c2n1
ticarcillin,CC1(C)SC2C(NC(=O)C(C(=O)O)c3ccsc3)C(=O)N2C1C(=O)O
tigecycline,CN(C)c1cc(NC(=O)CNC(C)(C)C)c(O)c2c1CC1CC3C(N(C)C)C(=O)C(C(N)=O)C(=O)C3(O)C(=O)C1C2=O
tiletamine,CCNC1(c2cccs2)CCCCC1=O
tiludronate,O=P(O)(O)C(Sc1ccc(Cl)cc1)P(=O)(O)O
tiopronin,CC(S)C(=O)NCC(=O)O
tiotropium,C[N+]1(C)C2CC(OC(=O)C(O)(c3cccs3)c3cccs3)CC1C1OC12
tipiracil,N=C1CCCN1Cc1[nH]c(=O)[nH]c(=O)c1Cl
tipranavir,CCCC1(CCc2ccccc2)CC(=O)C(C(CC)c2cccc(NS(=O)(=O)c3ccc(C(F)(F)F)cn3)c2)C(=O)O1
tiquizium,C[N+]12CCCCC1CCC(=C(c1cccs1)c1cccs1)C2
tirofiban,CCCCS(=O)(=O)NC(Cc1ccc(OCCCCC2CCNCC2)cc1)C(=O)O
tizanidine,Clc1ccc2nsnc2c1NC1=NCCN1
tocainide,Cc1cccc(C)c1NC(=O)C(C)N
toceranib,Cc1[nH]c(C=C2C(=O)Nc3ccc(F)cc32)c(C)c1C(=O)NCCN1CCCC1
tocofersolan,Cc1c(C)c2c(c(C)c1OC(=O)CCC(=O)OCCO)CCC(C)(CCCC(C)CCCC(C)CCCC(C)C)O2
tofacitinib,CC1CCN(C(=O)CC#N)CC1N(C)c1ncnc2[nH]ccc12
tofisopam,CCC1=C(C)NN=C(c2ccc(OC)c(OC)c2)c2cc(OC)c(OC)cc21
tofogliflozin,CCc1ccc(Cc2ccc3c(c2)C2(OC3)OC(CO)C(O)C(O)C2O)cc1
tolmetin,Cc1ccc(C(=O)c2ccc(CC(=O)O)n2C)cc1
tolonidine,Cc1ccc(NC2=NCCN2)c(Cl)c1
tolonium,Cc1cc2nc3ccc(N(C)C)cc3[s+]c2cc1N
toloxatone,Cc1cccc(N2CC(CO)OC2=O)c1
tolterodine,Cc1ccc(O)c(C(CCN(C(C)C)C(C)C)c2ccccc2)c1
tolvaptan,Cc1ccccc1C(=O)Nc1ccc(C(=O)N2CCCC(O)c3cc(Cl)ccc32)c(C)c1
topiroxostat,N#Cc1cc(-c2n[nH]c(-c3ccncc3)n2)ccn1
torasemide,Cc1cccc(Nc2ccncc2S(=O)(=O)NC(=O)NC(C)C)c1
tosufloxacin,NC1CCN(c2nc3c(cc2F)c(=O)c(C(=O)O)cn3-c2ccc(F)cc2F)C1
trametinib,CC(=O)Nc1cccc(-n2c(=O)n(C3CC3)c(=O)c3c(Nc4ccc(I)cc4F)n(C)c(=O)c(C)c32)c1
"trans-10,cis-12-Conjugated-linoleic-acid",CCCCCC=CC=CCCCCCCCCC(=O)O
trapidil,CCN(CC)c1cc(C)nc2ncnn12
travoprost,CC(C)OC(=O)CCCC=CCC1C(O)CC(O)C1C=CC(O)COc1cccc(C(F)(F)F)c1
trelagliptin,Cn1c(=O)cc(N2CCCC(N)C2)n(Cc2cc(F)ccc2C#N)c1=O
treosulfan,CS(=O)(=O)OCC(O)C(O)COS(C)(=O)=O
trepibutone,CCOc1cc(OCC)c(C(=O)CCC(=O)O)cc1OCC
tribenoside,CCOC1OC(C(COCc2ccccc2)OCc2ccccc2)C(OCc2ccccc2)C1O
tricaprylin,CCCCCCCC(=O)OCC(COC(=O)CCCCCCC)OC(=O)CCCCCCC
trichloroacetic-acid,O=C(O)C(Cl)(Cl)Cl
triclabendazole,CSc1nc2cc(Cl)c(Oc3cccc(Cl)c3Cl)cc2[nH]1
triclocarban,O=C(Nc1ccc(Cl)cc1)Nc1ccc(Cl)c(Cl)c1
tridihexethyl,CC[N+](CC)(CC)CCC(O)(c1ccccc1)C1CCCCC1
triflusal,CC(=O)Oc1cc(C(F)(F)F)ccc1C(=O)O
trilostane,CC12CCC3C(CCC45OC4C(=O)C(C#N)CC35C)C1CCC2O
trimethoquinol,COc1cc(CC2NCCc3cc(O)c(O)cc32)cc(OC)c1OC
triptorelin,CC(C)CC(NC(=O)C(Cc1c[nH]c2ccccc12)NC(=O)C(Cc1ccc(O)cc1)NC(=O)C(CO)NC(=O)C(Cc1c[nH]c2ccccc12)NC(=O)C(Cc1c[nH]cn1)NC(=O)C1CCC(=O)N1)C(=O)NC(CCCNC(=N)N)C(=O)N1CCCC1C(=O)NCC(N)=O
troclosene,O=c1[nH]c(=O)n(Cl)c(=O)n1Cl
troleandomycin,COC1CC(OC2C(C)C(=O)OC(C)C(C)C(OC(C)=O)C(C)C(=O)C3(CO3)CC(C)C(OC3OC(C)CC(N(C)C)C3OC(C)=O)C2C)OC(C)C1OC(C)=O
tromaril,O=C(O)c1ccccc1NCCc1ccccc1
trometamol,NC(CO)(CO)CO
tropesin,COc1ccc2c(c1)c(CC(=O)OCC(C(=O)O)c1ccccc1)c(C)n2C(=O)c1ccc(Cl)cc1
tropisetron,CN1C2CCC1CC(OC(=O)c1c[nH]c3ccccc13)C2
trospium,O=C(OC1CC2CCC(C1)[N+]21CCCC1)C(O)(c1ccccc1)c1ccccc1
troxipide,COc1cc(C(=O)NC2CCCNC2)cc(OC)c1OC
tymazoline,Cc1ccc(C(C)C)c(OC=C2NCCN2)c1
ubenimex,CC(C)CC(NC(=O)C(O)C(N)Cc1ccccc1)C(=O)O
ufenamate,CCCCOC(=O)c1ccccc1Nc1cccc(C(F)(F)F)c1
ulifloxacin,CC1Sc2c(C(=O)O)c(=O)c3cc(F)c(N4CCNCC4)cc3n21
ulipristal,CC(=O)OC1(C(C)=O)CCC2C3CCC4=CC(=O)CCC4=C3C(c3ccc(N(C)C)cc3)CC21C
umeclidinium,OC(c1ccccc1)(c1ccccc1)C12CC[N+](CCOCc3ccccc3)(CC1)CC2
uracil,Oc1ccnc(O)n1
uracil-mustard,Oc1ncc(N(CCCl)CCCl)c(O)n1
uridine-triacetate,CC(=O)OCC1OC(n2ccc(=O)[nH]c2=O)C(OC(C)=O)C1OC(C)=O
valethamate,CCC(C)C(C(=O)OCC[N+](C)(CC)CC)c1ccccc1
valganciclovir,CC(C)C(N)C(=O)OCC(CO)OCn1cnc2c(=O)[nH]c(N)nc21
valnemulin,C=CC1(C)CC(OC(=O)CSC(C)(C)CNC(=O)C(N)C(C)C)C2(C)C(C)CCC3(CCC(=O)C32)C(C)C1O
valpromide,CCCC(CCC)C(N)=O
valrubicin,CCCCC(=O)OCC(=O)C1(O)Cc2c(O)c3c(c(O)c2C(OC2CC(NC(=O)C(F)(F)F)C(O)C(C)O2)C1)C(=O)c1c(OC)cccc1C3=O
vandetanib,COc1cc2c(Nc3ccc(Br)cc3F)ncnc2cc1OCC1CCN(C)CC1
varenicline,c1cnc2cc3c(cc2n1)C1CNCC3C1
vasopressin,N=C(N)NCCCC(NC(=O)C1CCCN1C(=O)C1CSSCC(N)C(=O)NC(Cc2ccc(O)cc2)C(=O)NC(Cc2ccccc2)C(=O)NC(CCC(N)=O)C(=O)NC(CC(N)=O)C(=O)N1)C(=O)NCC(N)=O
vemurafenib,CCCS(=O)(=O)Nc1ccc(F)c(C(=O)c2c[nH]c3ncc(-c4ccc(Cl)cc4)cc23)c1F
venetoclax,CC1(C)CCC(CN2CCN(c3ccc(C(=O)NS(=O)(=O)c4ccc(NCC5CCOCC5)c([N+](=O)[O-])c4)c(Oc4cnc5[nH]ccc5c4)c3)CC2)=C(c2ccc(Cl)cc2)C1
vernakalant,COc1ccc(CCOC2CCCCC2N2CCC(O)C2)cc1OC
verteporfin,C=Cc1c(C)c2cc3nc(cc4[nH]c(cc5nc(cc1[nH]2)C(C)=C5CCC(=O)O)c(CCC(=O)OC)c4C)C1(C)C3=CC=C(C(=O)OC)C1C(=O)OC
vesnarinone,COc1ccc(C(=O)N2CCN(c3ccc4c(c3)CCC(=O)N4)CC2)cc1OC
vilazodone,N#Cc1ccc2[nH]cc(CCCCN3CCN(c4ccc5oc(C(N)=O)cc5c4)CC3)c2c1
vildagliptin,N#CC1CCCN1C(=O)CNC12CC3CC(CC(O)(C3)C1)C2
viloxazine,CCOc1ccccc1OCC1CNCCO1
vindesine,CCC1(O)CC2CN(CCc3c([nH]c4ccccc34)C(C(=O)OC)(c3cc4c(cc3OC)N(C)C3C(O)(C(N)=O)C(O)C5(CC)C=CCN6CCC43C65)C2)C1
vinflunine,CCC12C=CCN3CCC4(c5cc(C6(C(=O)OC)CC7CC(C(C)(F)F)CN(CCc8c6[nH]c6ccccc86)C7)c(OC)cc5N(C)C4C(O)(C(=O)OC)C1OC(C)=O)C32
vinorelbine,CCC1=CC2CN(C1)Cc1c([nH]c3ccccc13)C(C(=O)OC)(c1cc3c(cc1OC)N(C)C1C(O)(C(=O)OC)C(OC(C)=O)C4(CC)C=CCN5CCC31C54)C2
vinpocetine,CCOC(=O)C1=CC2(CC)CCCN3CCc4c(n1c1ccccc41)C32
viomycin,NCCCC(N)CC(=O)NC1CNC(=O)C(C2CC(O)N=C(N)N2)NC(=O)C(=CNC(N)=O)NC(=O)C(CO)NC(=O)C(CO)NC1=O
vismodegib,CS(=O)(=O)c1ccc(C(=O)Nc2ccc(Cl)c(-c3ccccn3)c2)c(Cl)c1
vitamin-b12,CC1=C2C(CCC(N)=O)C(C)(CC(N)=O)C3(C)C4C(CC(N)=O)C(C)(CCC(=O)NCC(C)OP(=O)(O)OC5C(CO)OC(n6cnc7cc(C)c(C)cc76)C5O)C5=[N+]4[Co]4(C#N)(N23)[N+]2=C(C=C3C(CCC(N)=O)C(C)(CC(N)=O)C1=[N+]34)C(C)(C)C(CCC(N)=O)C2=C5C
voglibose,OCC(CO)NC1CC(O)(CO)C(O)C(O)C1O
vonoprazan,CNCc1cc(-c2ccccc2F)n(S(=O)(=O)c2cccnc2)c1
vorapaxar,CCOC(=O)NC1CCC2C(C1)CC1C(=O)OC(C)C1C2C=Cc1ccc(-c2cccc(F)c2)cn1
voriconazole,CC(c1ncncc1F)C(O)(Cn1cncn1)c1ccc(F)cc1F
vorinostat,O=C(CCCCCCC(=O)Nc1ccccc1)NO
vortioxetine,Cc1ccc(Sc2ccccc2N2CCNCC2)c(C)c1
xipamide,Cc1cccc(C)c1NC(=O)c1cc(S(N)(=O)=O)c(Cl)cc1O
xylose,O=CC(O)C(O)C(O)CO
zafirlukast,COc1cc(C(=O)NS(=O)(=O)c2ccccc2C)ccc1Cc1cn(C)c2ccc(NC(=O)OC3CCCC3)cc12
zalcitabine,Nc1ccn(C2CCC(CO)O2)c(=O)n1
zaleplon,CCN(C(C)=O)c1cccc(-c2ccnc3c(C#N)cnn23)c1
zaltoprofen,CC(C(=O)O)c1ccc2c(c1)CC(=O)c1ccccc1S2
zanamivir,CC(=O)NC1C(NC(=N)N)C=C(C(=O)O)OC1C(O)C(O)CO
zilpaterol,CC(C)NC1CCn2c(O)nc3cccc(c32)C1O
zinc-undecylenate,C=CCCCCCCCCC(=O)O[Zn]OC(=O)CCCCCCCCC=C
ziprasidone,O=C1Cc2cc(CCN3CCN(c4nsc5ccccc45)CC3)c(Cl)cc2N1
zofenopril-calcium,CC(CSC(=O)c1ccccc1)C(=O)N1CC(Sc2ccccc2)CC1C(=O)O
zoledronic-acid,O=P(O)(O)C(O)(Cn1ccnc1)P(=O)(O)O
zolimidine,CS(=O)(=O)c1ccc(-c2cn3ccccc3n2)cc1
zolpidem,Cc1ccc(-c2nc3ccc(C)cn3c2CC(=O)N(C)C)cc1
zonisamide,NS(=O)(=O)Cc1noc2ccccc12
zotarolimus,COC1CC2CCC(C)C(O)(O2)C(=O)C(=O)N2CCCCC2C(=O)OC(C(C)CC2CCC(n3cnnn3)C(OC)C2)CC(=O)C(C)C=C(C)C(O)C(OC)C(=O)C(C)CC(C)C=CC=CC=C1C
zotepine,CN(C)CCOC1=Cc2ccccc2Sc2ccc(Cl)cc21
zuclopenthixol,OCCN1CCN(CCC=C2c3ccccc3Sc3ccc(Cl)cc32)CC1
